ticker,close,volume,timestamp,open,high,low,number_of_trades
AAPL,203.27,46381567.0,,,,,
AAPL,203.27,46381567.0,,,,,
AAPL,203.27,46381567.0,,,,,
AAPL,203.27,46381567.0,,,,,
AAPL,203.27,46381567.0,,,,,
AAPL,203.27,46381567.0,,,,,
AAPL,203.27,46381567.0,,,,,
AAPL,203.27,46381567.0,,,,,
AAPL,203.27,46379257.0,,,,,
AAPL,203.27,46379257.0,,,,,
AAPL,203.27,46379257.0,,,,,
AAPL,203.27,46379257.0,,,,,
AAPL,203.27,46379257.0,,,,,
AAPL,203.27,46381567.0,,,,,
AAPL,203.27,46381567.0,,,,,
AAPL,203.27,46381567.0,,,,,
AAPL,203.27,46381567.0,,,,,
AAPL,203.27,46381567.0,,,,,
AAPL,203.27,46381567.0,,,,,
AAPL,203.27,46381567.0,,,,,
AAPL,203.27,46381567.0,,,,,
AAPL,203.27,46381567.0,,,,,
AAPL,203.27,46381567.0,,,,,
AAPL,203.27,46379257.0,,,,,
AAPL,203.27,46379257.0,,,,,
AAPL,203.27,46379257.0,,,,,
AAPL,203.27,46379257.0,,,,,
AAPL,203.27,46379257.0,,,,,
AAPL,203.27,46381567.0,,,,,
AAPL,203.27,46381567.0,,,,,
AAPL,203.27,46381567.0,,,,,
AAPL,203.27,46381567.0,,,,,
AAPL,203.27,46381567.0,,,,,
AAPL,203.27,46381567.0,,,,,
AAPL,203.27,46381567.0,,,,,
AAPL,203.27,46381567.0,,,,,
AAPL,203.27,46381567.0,,,,,
AAPL,203.27,46381567.0,,,,,
AAPL,203.27,46381567.0,,,,,
AAPL,203.27,46381567.0,,,,,
AAPL,203.27,46381567.0,,,,,
AAPL,203.27,46381567.0,,,,,
AAPL,203.27,46381567.0,,,,,
AAPL,203.27,46381567.0,,,,,
AAPL,203.27,46381567.0,,,,,
AAPL,203.27,46381567.0,,,,,
AAPL,203.27,46381567.0,,,,,
AAPL,203.27,46381567.0,,,,,
AAPL,203.27,46381567.0,,,,,
AAPL,203.27,46381567.0,,,,,
AAPL,203.27,46381567.0,,,,,
AAPL,203.27,46381567.0,,,,,
AAPL,203.27,46381567.0,,,,,
AAPL,203.27,46381567.0,,,,,
AAPL,203.27,46381567.0,,,,,
AAPL,203.27,46381567.0,,,,,
AAPL,203.27,46381567.0,,,,,
AAPL,203.27,46381567.0,,,,,
AAPL,203.27,46381567.0,,,,,
AAPL,203.27,46381567.0,,,,,
AAPL,203.27,46381567.0,,,,,
AAPL,203.27,46381567.0,,,,,
AAPL,203.27,46381567.0,,,,,
AAPL,203.27,46381567.0,,,,,
AAPL,203.27,46381567.0,,,,,
AAPL,203.27,46381567.0,,,,,
AAPL,203.27,46381567.0,,,,,
AAPL,203.27,46381567.0,,,,,
AAPL,203.27,46381567.0,,,,,
AAPL,203.27,46381567.0,,,,,
AAPL,203.27,46381567.0,,,,,
AAPL,203.27,46381567.0,,,,,
AAPL,203.27,46381567.0,,,,,
AAPL,203.27,46381567.0,,,,,
AAPL,203.27,46381567.0,,,,,
AAPL,203.27,46381567.0,,,,,
AAPL,203.27,46381567.0,,,,,
AAPL,203.27,46381567.0,,,,,
AAPL,203.27,46381567.0,,,,,
AAPL,203.27,46381567.0,,,,,
AAPL,203.27,46381567.0,,,,,
AAPL,203.27,46381567.0,,,,,
AAPL,203.27,46381567.0,,,,,
AAPL,203.27,46381567.0,,,,,
AAPL,203.27,46381567.0,,,,,
AAPL,203.27,46381567.0,,,,,
AAPL,203.27,46381567.0,,,,,
AAPL,203.27,46381567.0,,,,,
AAPL,203.27,46381567.0,,,,,
AAPL,203.27,46381567.0,,,,,
AAPL,203.27,46381567.0,,,,,
AAPL,203.27,46381567.0,,,,,
AAPL,203.27,46381567.0,,,,,
AAPL,203.27,46381567.0,,,,,
AAPL,203.27,46381567.0,,,,,
AAPL,203.27,46381567.0,,,,,
AAPL,203.27,46381567.0,,,,,
AAPL,203.27,46381567.0,,,,,
AAPL,203.27,46381567.0,,,,,
AAPL,203.27,46381567.0,,,,,
AAPL,203.27,46381567.0,,,,,
AAPL,203.27,46381567.0,,,,,
AAPL,203.27,46381567.0,,,,,
AAPL,203.27,46381567.0,,,,,
AAPL,203.27,46381567.0,,,,,
AAPL,203.27,46381567.0,,,,,
AAPL,203.27,46381567.0,,,,,
AAPL,203.27,46381567.0,,,,,
AAPL,203.27,46381567.0,,,,,
AAPL,203.27,46381567.0,,,,,
AAPL,203.27,46381567.0,,,,,
AAPL,203.27,46381567.0,,,,,
AAPL,203.27,46381567.0,,,,,
AAPL,203.27,46381567.0,,,,,
AAPL,203.27,46381567.0,,,,,
AAPL,203.27,46381567.0,,,,,
AAPL,203.27,46381567.0,,,,,
AAPL,203.27,46381567.0,,,,,
AAPL,203.27,46381567.0,,,,,
AAPL,203.27,46381567.0,,,,,
AAPL,203.27,46381567.0,,,,,
AAPL,203.27,46381567.0,,,,,
AAPL,203.27,46381567.0,,,,,
AAPL,203.27,46381567.0,,,,,
AAPL,203.27,46381567.0,,,,,
AAPL,203.27,46381567.0,,,,,
AAPL,203.27,46381567.0,,,,,
AAPL,203.27,46381567.0,,,,,
AAPL,203.27,46381567.0,,,,,
AAPL,203.27,46381567.0,,,,,
AAPL,199.25,4345.0,1748851200000.0,198.52,199.9,198.52,141.0
AAPL,199.42,961.0,1748851260000.0,199.42,199.42,199.42,235.0
AAPL,199.2,3256.0,1748851320000.0,199.38,199.38,199.2,273.0
AAPL,199.1,2659.0,1748851380000.0,199.16,199.16,199.1,164.0
AAPL,199.35,5816.0,1748851440000.0,199.28,199.35,199.28,134.0
AAPL,199.35,1603.0,1748851500000.0,199.34,199.35,199.34,39.0
AAPL,199.3,2173.0,1748851560000.0,199.35,199.35,199.3,52.0
AAPL,199.4,993.0,1748851620000.0,199.37,199.4,199.37,41.0
AAPL,199.63,1982.0,1748851680000.0,199.5,199.63,199.5,50.0
AAPL,199.6,1282.0,1748851740000.0,199.6,199.6,199.6,29.0
AAPL,199.55,2352.0,1748851800000.0,199.6,199.65,199.55,79.0
AAPL,199.55,1924.0,1748851860000.0,199.59,199.59,199.55,42.0
AAPL,199.35,746.0,1748852340000.0,199.35,199.35,199.35,19.0
AAPL,199.35,435.0,1748852460000.0,199.31,199.35,199.31,12.0
AAPL,199.49,972.0,1748852580000.0,199.48,199.5,199.48,21.0
AAPL,199.45,4040.0,1748852640000.0,199.57,199.57,199.45,41.0
AAPL,199.41,1004.0,1748852760000.0,199.42,199.42,199.41,33.0
AAPL,199.5,695.0,1748852880000.0,199.45,199.5,199.45,11.0
AAPL,199.46,1552.0,1748853060000.0,199.46,199.46,199.46,44.0
AAPL,199.52,113.0,1748853240000.0,199.52,199.52,199.52,4.0
AAPL,199.63,1403.0,1748853480000.0,199.63,199.63,199.59,40.0
AAPL,199.5,392.0,1748853720000.0,199.5,199.5,199.5,21.0
AAPL,199.46,1045.0,1748853780000.0,199.46,199.46,199.46,25.0
AAPL,199.39,1045.0,1748853900000.0,199.39,199.39,199.39,21.0
AAPL,199.4,813.0,1748853960000.0,199.4,199.4,199.4,18.0
AAPL,199.39,364.0,1748854020000.0,199.4,199.4,199.39,13.0
AAPL,203.27,46381567.0,,,,,
AAPL,203.27,46381567.0,,,,,
AAPL,203.27,46381567.0,,,,,
AAPL,203.27,46381567.0,,,,,
AAPL,203.27,46381567.0,,,,,
AAPL,203.27,46381567.0,,,,,
AAPL,203.27,46381567.0,,,,,
AAPL,203.27,46381567.0,,,,,
AAPL,203.27,46381567.0,,,,,
AAPL,203.27,46381567.0,,,,,
AAPL,203.27,46381567.0,,,,,
AAPL,203.27,46381567.0,,,,,
AAPL,203.27,46381567.0,,,,,
AAPL,203.27,46381567.0,,,,,
AAPL,203.27,46381567.0,,,,,
AAPL,203.27,46381567.0,,,,,
AAPL,203.27,46381567.0,,,,,
AAPL,203.27,46381567.0,,,,,
AAPL,203.27,46381567.0,,,,,
AAPL,203.27,46381567.0,,,,,
AAPL,203.27,46381567.0,,,,,
AAPL,203.27,46381567.0,,,,,
AAPL,203.27,46381567.0,,,,,
AAPL,203.27,46381567.0,,,,,
AAPL,203.27,46381567.0,,,,,
AAPL,203.27,46381567.0,,,,,
AAPL,203.27,46381567.0,,,,,
AAPL,203.27,46381567.0,,,,,
AAPL,203.27,46381567.0,,,,,
AAPL,203.27,46381567.0,,,,,
AAPL,203.27,46381567.0,,,,,
AAPL,203.27,46381567.0,,,,,
AAPL,203.27,46381567.0,,,,,
AAPL,199.31,1006.0,1748854140000.0,199.31,199.31,199.31,46.0
AAPL,199.26,236.0,1748854320000.0,199.26,199.26,199.26,11.0
AAPL,199.3,134.0,1748854380000.0,199.3,199.3,199.3,6.0
AAPL,199.31,258.0,1748854440000.0,199.31,199.31,199.31,7.0
AAPL,199.36,493.0,1748854860000.0,199.36,199.36,199.36,9.0
AAPL,199.39,551.0,1748854980000.0,199.39,199.39,199.39,10.0
AAPL,199.46,2398.0,1748855100000.0,199.42,199.46,199.42,29.0
AAPL,199.26,522.0,1748855460000.0,199.26,199.26,199.26,51.0
AAPL,199.25,793.0,1748855520000.0,199.25,199.25,199.25,17.0
AAPL,199.23,577.0,1748855580000.0,199.25,199.25,199.23,17.0
AAPL,199.2,1744.0,1748855640000.0,199.2,199.2,199.2,75.0
AAPL,199.24,2026.0,1748855760000.0,199.22,199.24,199.22,54.0
AAPL,199.28,189.0,1748855940000.0,199.28,199.28,199.28,6.0
AAPL,199.32,372.0,1748856000000.0,199.32,199.32,199.32,17.0
AAPL,199.31,603.0,1748856300000.0,199.31,199.31,199.31,18.0
AAPL,199.3,1505.0,1748856420000.0,199.3,199.3,199.3,35.0
AAPL,199.38,486.0,1748856540000.0,199.38,199.38,199.38,19.0
AAPL,199.34,608.0,1748856840000.0,199.34,199.34,199.34,21.0
AAPL,199.4,405.0,1748856900000.0,199.4,199.4,199.4,18.0
AAPL,199.34,556.0,1748857020000.0,199.34,199.34,199.34,40.0
AAPL,199.25,719.0,1748857140000.0,199.25,199.25,199.25,41.0
AAPL,199.31,1117.0,1748857380000.0,199.32,199.32,199.31,48.0
AAPL,199.22,319.0,1748857440000.0,199.22,199.22,199.22,15.0
AAPL,199.21,178.0,1748857500000.0,199.21,199.21,199.21,3.0
AAPL,199.24,2510.0,1748857560000.0,199.21,199.24,199.21,42.0
AAPL,199.28,234.0,1748857740000.0,199.28,199.28,199.28,8.0
AAPL,199.31,1093.0,1748857800000.0,199.31,199.31,199.31,38.0
AAPL,199.33,473.0,1748857860000.0,199.33,199.33,199.33,30.0
AAPL,199.26,868.0,1748858040000.0,199.26,199.26,199.26,11.0
AAPL,199.26,339.0,1748858100000.0,199.26,199.26,199.26,10.0
AAPL,199.29,411.0,1748858220000.0,199.27,199.29,199.27,16.0
AAPL,199.29,609.0,1748858280000.0,199.29,199.29,199.29,17.0
AAPL,199.4,2383.0,1748858400000.0,199.31,199.4,199.31,43.0
AAPL,199.5,1301.0,1748858820000.0,199.5,199.5,199.5,30.0
AAPL,199.6,193.0,1748858940000.0,199.6,199.6,199.6,5.0
AAPL,199.58,745.0,1748859000000.0,199.58,199.58,199.58,25.0
AAPL,199.6,528.0,1748859120000.0,199.6,199.6,199.6,17.0
AAPL,199.5,545.0,1748859360000.0,199.5,199.5,199.5,32.0
AAPL,199.51,712.0,1748859480000.0,199.53,199.53,199.51,17.0
AAPL,199.5,2116.0,1748859540000.0,199.56,199.56,199.5,47.0
AAPL,199.4,677.0,1748859780000.0,199.4,199.4,199.4,25.0
AAPL,199.46,816.0,1748859840000.0,199.46,199.46,199.46,11.0
AAPL,199.53,123.0,1748860140000.0,199.53,199.53,199.53,7.0
AAPL,199.47,2331.0,1748860320000.0,199.47,199.47,199.47,31.0
AAPL,199.38,1620.0,1748860380000.0,199.38,199.38,199.38,30.0
AAPL,199.41,567.0,1748860620000.0,199.41,199.41,199.41,10.0
AAPL,199.5,159.0,1748860800000.0,199.5,199.5,199.5,4.0
AAPL,199.44,991.0,1748861100000.0,199.51,199.51,199.44,41.0
AAPL,199.48,630.0,1748861280000.0,199.48,199.48,199.48,24.0
AAPL,199.43,1214.0,1748861340000.0,199.5,199.5,199.43,22.0
AAPL,199.44,1082.0,1748861460000.0,199.44,199.44,199.44,35.0
AAPL,199.57,1071.0,1748861580000.0,199.53,199.57,199.53,29.0
AAPL,199.55,590.0,1748861820000.0,199.55,199.55,199.55,34.0
AAPL,199.53,324.0,1748861940000.0,199.53,199.53,199.53,12.0
AAPL,199.57,5107.0,1748862000000.0,199.51,199.57,199.5,137.0
AAPL,199.5,446.0,1748862060000.0,199.5,199.5,199.5,26.0
AAPL,199.55,3248.0,1748862120000.0,199.57,199.57,199.45,42.0
AAPL,199.5,351.0,1748862180000.0,199.5,199.5,199.5,8.0
AAPL,199.6,3329.0,1748862300000.0,199.57,199.6,199.57,26.0
AAPL,199.7,2050.0,1748862360000.0,199.7,199.7,199.7,38.0
AAPL,199.82,2845.0,1748862420000.0,199.74,199.82,199.74,66.0
AAPL,199.75,4380.0,1748862480000.0,199.81,199.81,199.75,42.0
AAPL,199.7,1944.0,1748862600000.0,199.67,199.7,199.56,64.0
AAPL,199.87,2491.0,1748862660000.0,199.8,199.87,199.8,56.0
AAPL,199.85,825.0,1748862780000.0,199.85,199.85,199.85,19.0
AAPL,199.81,1012.0,1748862840000.0,199.81,199.81,199.81,30.0
AAPL,199.89,1953.0,1748862900000.0,199.84,199.89,199.84,50.0
AAPL,199.98,2320.0,1748863020000.0,199.96,199.98,199.96,37.0
AAPL,199.9,2350.0,1748863080000.0,199.98,199.98,199.9,33.0
AAPL,199.88,1798.0,1748863140000.0,199.9,199.9,199.88,28.0
AAPL,199.84,3146.0,1748863200000.0,199.9,199.9,199.84,54.0
AAPL,199.7,926.0,1748863320000.0,199.81,199.81,199.7,38.0
AAPL,199.7,3749.0,1748863440000.0,199.77,199.77,199.69,80.0
AAPL,199.7,688.0,1748863500000.0,199.7,199.7,199.7,19.0
AAPL,199.8,753.0,1748863560000.0,199.8,199.8,199.8,24.0
AAPL,199.79,485.0,1748863680000.0,199.79,199.79,199.79,16.0
AAPL,199.78,1250.0,1748863800000.0,199.78,199.78,199.78,47.0
AAPL,199.55,9603.0,1748863920000.0,199.74,199.75,199.55,101.0
AAPL,199.86,1301.0,1748863980000.0,199.78,199.86,199.78,24.0
AAPL,199.89,1384.0,1748864040000.0,199.89,199.89,199.89,60.0
AAPL,199.83,989.0,1748864160000.0,199.83,199.83,199.83,24.0
AAPL,199.9,378.0,1748864220000.0,199.91,199.91,199.9,10.0
AAPL,199.87,1438.0,1748864580000.0,199.85,199.87,199.85,29.0
AAPL,199.83,2258.0,1748864640000.0,199.85,199.85,199.83,41.0
AAPL,199.84,832.0,1748864760000.0,199.84,199.84,199.84,14.0
AAPL,199.83,278.0,1748864820000.0,199.83,199.83,199.83,13.0
AAPL,199.87,1496.0,1748864940000.0,199.85,199.87,199.85,21.0
AAPL,199.82,567.0,1748865060000.0,199.85,199.85,199.82,18.0
AAPL,199.78,1386.0,1748865180000.0,199.79,199.79,199.78,42.0
AAPL,199.71,2120.0,1748865300000.0,199.75,199.75,199.71,30.0
AAPL,199.7,53236.0,1748865600000.0,199.59,199.94,198.79,2034.0
AAPL,201.352,3618.0,1748865660000.0,199.74,201.352,199.64,148.0
AAPL,199.74,1124.0,1748865720000.0,199.74,199.74,199.74,157.0
AAPL,199.7122,860.0,1748865780000.0,199.74,199.8,199.7122,27.0
AAPL,199.8,410.0,1748865840000.0,199.7912,199.8,199.7912,21.0
AAPL,199.8,2743.0,1748865900000.0,199.8,199.8,199.79,31.0
AAPL,199.8,2732.0,1748866080000.0,199.75,199.8,199.75,97.0
AAPL,199.85,520.0,1748866140000.0,199.85,199.85,199.85,19.0
AAPL,199.7501,742.0,1748866200000.0,199.77,199.77,199.7501,19.0
AAPL,199.7513,1037.0,1748866320000.0,199.8,199.8,199.7513,28.0
AAPL,199.88,3458.0,1748866440000.0,199.8,199.88,199.8,70.0
AAPL,199.88,220.0,1748866500000.0,199.88,199.88,199.88,7.0
AAPL,199.96,2298.0,1748866560000.0,199.85,199.96,199.85,62.0
AAPL,199.91,1850.0,1748866620000.0,199.95,199.95,199.91,33.0
AAPL,199.89,874.0,1748866740000.0,199.89,199.89,199.89,41.0
AAPL,199.8136,7878.0,1748866800000.0,199.89,199.89,199.53,225.0
AAPL,199.6,1066.0,1748866860000.0,199.76,199.76,199.6,15.0
AAPL,199.6,1943.0,1748866920000.0,199.64,199.66,199.6,38.0
AAPL,199.6969,469.0,1748866980000.0,199.6,199.6969,199.6,19.0
AAPL,199.6,2356.0,1748867100000.0,199.6,199.6,199.55,40.0
AAPL,199.62,1181.0,1748867220000.0,199.7,199.7,199.62,41.0
AAPL,199.69,293.0,1748867280000.0,199.69,199.69,199.69,23.0
AAPL,199.67,909.0,1748867340000.0,199.66,199.67,199.65,23.0
AAPL,199.7,259.0,1748867400000.0,199.7,199.7,199.7,18.0
AAPL,199.61,4486.0,1748867460000.0,199.6962,199.6981,199.53,90.0
AAPL,199.72,626.0,1748867580000.0,199.7178,199.72,199.63,21.0
AAPL,199.75,1774.0,1748867640000.0,199.73,199.75,199.73,58.0
AAPL,199.6304,1664.0,1748867700000.0,199.6309,199.6309,199.6304,18.0
AAPL,199.63,2164.0,1748867760000.0,199.63,199.6499,199.63,69.0
AAPL,199.56,1018.0,1748867820000.0,199.56,199.56,199.56,37.0
AAPL,199.65,336.0,1748867880000.0,199.65,199.65,199.65,21.0
AAPL,199.6499,365.0,1748867940000.0,199.6499,199.6499,199.6499,28.0
AAPL,199.7,1684.0,1748868000000.0,199.61,199.7,199.61,54.0
AAPL,199.7,862.0,1748868060000.0,199.7,199.7,199.7,43.0
AAPL,199.7801,2678.0,1748868120000.0,199.78,199.8,199.78,80.0
AAPL,199.78,761.0,1748868180000.0,199.88,199.88,199.78,20.0
AAPL,199.79,1508.0,1748868240000.0,199.86,199.86,199.79,24.0
AAPL,199.9599,3999.0,1748868300000.0,199.85,199.97,199.85,63.0
AAPL,199.8,2950.0,1748868420000.0,199.96,199.97,199.8,54.0
AAPL,199.86,494.0,1748868480000.0,199.86,199.86,199.86,25.0
AAPL,199.88,405.0,1748868540000.0,199.92,199.92,199.88,32.0
AAPL,199.75,2003.0,1748868600000.0,199.8,199.8,199.75,117.0
AAPL,199.64,3383.0,1748868660000.0,199.68,199.74,199.52,106.0
AAPL,199.52,2029.0,1748868720000.0,199.53,199.64,199.52,53.0
AAPL,199.6,1793.0,1748868780000.0,199.58,199.6299,199.58,49.0
AAPL,199.69,2024.0,1748868840000.0,199.6,199.7224,199.6,59.0
AAPL,199.69,3096.0,1748868900000.0,199.66,199.69,199.66,64.0
AAPL,199.5269,1123.0,1748868960000.0,199.62,199.62,199.5269,45.0
AAPL,199.5341,720.0,1748869020000.0,199.5341,199.5341,199.5341,37.0
AAPL,199.61,1301.0,1748869080000.0,199.65,199.65,199.61,41.0
AAPL,199.78,1236.0,1748869200000.0,199.66,199.78,199.66,41.0
AAPL,199.92,1194.0,1748869260000.0,199.8,199.92,199.8,38.0
AAPL,199.8,3410.0,1748869320000.0,199.87,199.88,199.7,87.0
AAPL,199.76,14989.0,1748869380000.0,199.8,199.8,199.76,23.0
AAPL,199.74,5755.0,1748869440000.0,199.69,199.74,199.66,79.0
AAPL,199.43,8308.0,1748869500000.0,199.61,199.61,199.43,395.0
AAPL,199.6,4241.0,1748869560000.0,199.46,199.6,199.46,72.0
AAPL,199.63,2337.0,1748869620000.0,199.69,199.73,199.63,75.0
AAPL,199.74,594.0,1748869680000.0,199.69,199.74,199.69,33.0
AAPL,199.7025,655.0,1748869740000.0,199.7001,199.7025,199.7001,35.0
AAPL,199.87,7499.0,1748869800000.0,199.7,199.99,199.7,135.0
AAPL,199.85,1557.0,1748869860000.0,199.89,199.89,199.74,41.0
AAPL,199.895,955.0,1748869920000.0,199.9,199.9,199.895,24.0
AAPL,199.85,1889.0,1748869980000.0,199.71,199.95,199.71,87.0
AAPL,199.74,2244.0,1748870040000.0,199.72,199.93,199.72,57.0
AAPL,199.7,875.0,1748870100000.0,199.72,199.72,199.7,46.0
AAPL,199.7,1665.0,1748870160000.0,199.7988,199.7988,199.7,65.0
AAPL,199.7,3408.0,1748870220000.0,199.76,199.8,199.7,59.0
AAPL,199.65,1127.0,1748870280000.0,199.65,199.65,199.65,32.0
AAPL,199.85,901.0,1748870340000.0,199.85,199.85,199.85,33.0
AAPL,199.65,459.0,1748870400000.0,199.85,199.85,199.65,33.0
AAPL,199.8459,600.0,1748870460000.0,199.8459,199.8459,199.8459,10.0
AAPL,199.8,290.0,1748870520000.0,199.8,199.8,199.8,26.0
AAPL,199.79,1371.0,1748870580000.0,199.78,199.79,199.78,43.0
AAPL,199.77,2499.0,1748870640000.0,199.7475,199.77,199.6358,91.0
AAPL,199.76,5440.0,1748870700000.0,199.63,199.76,199.56,108.0
AAPL,199.81,1650.0,1748870760000.0,199.76,199.85,199.76,51.0
AAPL,199.97,4064.0,1748870820000.0,199.9481,199.98,199.77,83.0
AAPL,200.17,22635.0,1748870880000.0,200.0,200.4478,199.97,564.0
AAPL,200.28,9226.0,1748870940000.0,200.1787,200.28,199.19,134.0
AAPL,201.58,1115404.0,1748871000000.0,200.28,201.71,200.15,18337.0
AAPL,201.78,229102.0,1748871060000.0,201.575,201.93,201.25,3604.0
AAPL,202.05,243989.0,1748871120000.0,201.78,202.13,201.59,3534.0
AAPL,201.76,184394.0,1748871180000.0,202.04,202.05,201.5625,3138.0
AAPL,201.725,216387.0,1748871240000.0,201.755,202.1,201.72,3005.0
AAPL,201.73,224068.0,1748871300000.0,201.72,201.91,201.52,3610.0
AAPL,201.355,241379.0,1748871360000.0,201.725,201.725,201.2,3492.0
AAPL,201.38,114420.0,1748871420000.0,201.356,201.53,201.2372,2244.0
AAPL,201.16,169262.0,1748871480000.0,201.31,201.4,201.04,2844.0
AAPL,201.34,131656.0,1748871540000.0,201.19,201.35,201.05,2231.0
AAPL,201.5,180052.0,1748871600000.0,201.32,201.53,201.2446,3011.0
AAPL,201.6856,163536.0,1748871660000.0,201.49,201.71,201.4,2551.0
AAPL,201.535,152910.0,1748871720000.0,201.68,201.7,201.48,2596.0
AAPL,201.53,135788.0,1748871780000.0,201.535,201.54,201.245,2306.0
AAPL,201.54,122464.0,1748871840000.0,201.51,201.77,201.47,2222.0
AAPL,201.64,130004.0,1748871900000.0,201.545,201.64,201.48,2368.0
AAPL,201.47,135970.0,1748871960000.0,201.62,201.67,201.44,2410.0
AAPL,201.425,155761.0,1748872020000.0,201.48,201.54,201.28,2699.0
AAPL,201.3,111488.0,1748872080000.0,201.44,201.46,201.23,2097.0
AAPL,201.0969,161428.0,1748872140000.0,201.31,201.41,201.07,2825.0
AAPL,201.02,217887.0,1748872200000.0,201.1,201.23,200.91,3161.0
AAPL,200.7,206084.0,1748872260000.0,201.02,201.1,200.7,2980.0
AAPL,200.77,153083.0,1748872320000.0,200.69,200.815,200.53,2500.0
AAPL,200.855,108983.0,1748872380000.0,200.765,200.9,200.69,2085.0
AAPL,201.08,103840.0,1748872440000.0,200.85,201.14,200.7201,1908.0
AAPL,201.155,94090.0,1748872500000.0,201.11,201.18,200.925,1887.0
AAPL,201.0701,85900.0,1748872560000.0,201.15,201.16,200.96,1698.0
AAPL,200.96,81569.0,1748872620000.0,201.06,201.13,200.91,1693.0
AAPL,201.04,71273.0,1748872680000.0,200.955,201.09,200.94,1516.0
AAPL,201.11,138882.0,1748872740000.0,201.04,201.16,200.9921,2310.0
AAPL,200.635,199765.0,1748872800000.0,201.06,201.13,200.59,3175.0
AAPL,200.41,222116.0,1748872860000.0,200.65,200.75,200.35,3062.0
AAPL,200.4773,150360.0,1748872920000.0,200.415,200.7,200.39,2462.0
AAPL,200.55,94308.0,1748872980000.0,200.5,200.64,200.43,1851.0
AAPL,200.32,89665.0,1748873040000.0,200.55,200.6,200.26,2104.0
AAPL,200.23,136132.0,1748873100000.0,200.3,200.35,200.16,2304.0
AAPL,200.13,131260.0,1748873160000.0,200.22,200.52,200.12,2398.0
AAPL,200.685,106288.0,1748873220000.0,200.13,200.685,200.13,2106.0
AAPL,200.665,114907.0,1748873280000.0,200.7,200.89,200.61,2298.0
AAPL,200.49,57346.0,1748873340000.0,200.64,200.67,200.475,1583.0
AAPL,200.5699,60652.0,1748873400000.0,200.47,200.63,200.45,1740.0
AAPL,200.49,303088.0,1748873460000.0,200.57,200.64,200.43,1719.0
AAPL,200.8001,95295.0,1748873520000.0,200.52,200.83,200.45,1991.0
AAPL,200.82,61870.0,1748873580000.0,200.82,200.86,200.685,1611.0
AAPL,200.68,62232.0,1748873640000.0,200.8088,200.88,200.66,1579.0
AAPL,200.5493,50401.0,1748873700000.0,200.68,200.72,200.505,1349.0
AAPL,200.6042,69272.0,1748873760000.0,200.52,200.69,200.45,1748.0
AAPL,200.39,57368.0,1748873820000.0,200.61,200.63,200.34,1386.0
AAPL,200.43,65077.0,1748873880000.0,200.4,200.46,200.37,1370.0
AAPL,200.23,88280.0,1748873940000.0,200.44,200.535,200.23,1638.0
AAPL,200.35,85237.0,1748874000000.0,200.22,200.39,200.13,1813.0
AAPL,200.39,55716.0,1748874060000.0,200.37,200.5,200.34,1512.0
AAPL,200.56,63848.0,1748874120000.0,200.37,200.63,200.37,1505.0
AAPL,200.4,89663.0,1748874180000.0,200.57,200.75,200.3748,1955.0
AAPL,200.24,58759.0,1748874240000.0,200.4,200.47,200.23,1466.0
AAPL,200.34,63565.0,1748874300000.0,200.24,200.38,200.23,1374.0
AAPL,200.42,54562.0,1748874360000.0,200.3005,200.48,200.29,1440.0
AAPL,200.42,52276.0,1748874420000.0,200.43,200.51,200.39,1349.0
AAPL,200.65,58000.0,1748874480000.0,200.43,200.66,200.425,1320.0
AAPL,200.53,54288.0,1748874540000.0,200.65,200.66,200.5,1322.0
AAPL,200.4973,67842.0,1748874600000.0,200.52,200.55,200.35,1706.0
AAPL,200.5201,52196.0,1748874660000.0,200.51,200.61,200.45,1419.0
AAPL,200.6211,50400.0,1748874720000.0,200.55,200.715,200.55,1446.0
AAPL,200.59,51870.0,1748874780000.0,200.63,200.71,200.58,1361.0
AAPL,200.91,125771.0,1748874840000.0,200.6,201.07,200.58,2781.0
AAPL,200.62,112514.0,1748874900000.0,200.93,201.04,200.62,2009.0
AAPL,200.725,78037.0,1748874960000.0,200.62,200.85,200.54,1812.0
AAPL,200.79,47546.0,1748875020000.0,200.71,200.83,200.63,1149.0
AAPL,200.44,98284.0,1748875080000.0,200.8,200.815,200.38,2050.0
AAPL,200.66,106774.0,1748875140000.0,200.445,200.7495,200.43,1320.0
AAPL,200.71,38916.0,1748875200000.0,200.66,200.76,200.63,1061.0
AAPL,200.79,73674.0,1748875260000.0,200.7,200.8517,200.69,1278.0
AAPL,200.92,72682.0,1748875320000.0,200.8,200.92,200.76,1077.0
AAPL,200.8997,63215.0,1748875380000.0,200.92,200.925,200.79,1440.0
AAPL,201.021,67724.0,1748875440000.0,200.89,201.05,200.86,1384.0
AAPL,201.09,101693.0,1748875500000.0,201.0372,201.17,200.977,1621.0
AAPL,201.02,70984.0,1748875560000.0,201.1,201.15,200.9999,1266.0
AAPL,201.1,55672.0,1748875620000.0,201.02,201.1,200.99,1097.0
AAPL,200.98,67889.0,1748875680000.0,201.085,201.21,200.95,1422.0
AAPL,201.04,55311.0,1748875740000.0,200.975,201.09,200.95,1244.0
AAPL,201.09,92811.0,1748875800000.0,201.05,201.27,201.04,1580.0
AAPL,201.17,181304.0,1748875860000.0,201.095,201.2074,200.99,1339.0
AAPL,201.16,53733.0,1748875920000.0,201.165,201.24,201.1409,1213.0
AAPL,201.165,89036.0,1748875980000.0,201.16,201.23,201.0,1590.0
AAPL,201.105,94991.0,1748876040000.0,201.17,201.215,201.09,1414.0
AAPL,201.3396,148464.0,1748876100000.0,201.11,201.38,201.1,2033.0
AAPL,201.41,104455.0,1748876160000.0,201.33,201.43,201.28,1485.0
AAPL,201.4499,87440.0,1748876220000.0,201.4,201.46,201.3,1289.0
AAPL,201.375,70393.0,1748876280000.0,201.45,201.4872,201.3601,1038.0
AAPL,201.435,62052.0,1748876340000.0,201.375,201.47,201.36,1236.0
AAPL,201.7199,156625.0,1748876400000.0,201.43,201.72,201.43,2278.0
AAPL,201.85,125413.0,1748876460000.0,201.71,201.94,201.71,2025.0
AAPL,201.8148,168888.0,1748876520000.0,201.86,201.99,201.78,2184.0
AAPL,201.46,156755.0,1748876580000.0,201.82,201.86,201.33,2962.0
AAPL,201.57,181682.0,1748876640000.0,201.45,201.63,201.45,2275.0
AAPL,201.51,80505.0,1748876700000.0,201.55,201.57,201.44,1388.0
AAPL,201.49,167628.0,1748876760000.0,201.52,201.65,201.3409,2643.0
AAPL,201.51,52916.0,1748876820000.0,201.49,201.5799,201.46,1032.0
AAPL,201.4,71135.0,1748876880000.0,201.51,201.54,201.3602,1165.0
AAPL,201.3,95919.0,1748876940000.0,201.4,201.4,201.25,1237.0
AAPL,201.29,65852.0,1748877000000.0,201.29,201.34,201.16,1250.0
AAPL,201.12,55963.0,1748877060000.0,201.31,201.34,201.12,1099.0
AAPL,201.25,48137.0,1748877120000.0,201.13,201.3052,201.13,1014.0
AAPL,201.39,77557.0,1748877180000.0,201.25,201.4,201.25,1143.0
AAPL,201.21,70953.0,1748877240000.0,201.3816,201.3816,201.1702,950.0
AAPL,201.09,73851.0,1748877300000.0,201.21,201.29,201.09,1014.0
AAPL,201.18,41482.0,1748877360000.0,201.09,201.2,201.07,938.0
AAPL,201.1735,76147.0,1748877420000.0,201.17,201.23,201.13,1055.0
AAPL,201.0779,49619.0,1748877480000.0,201.16,201.16,201.07,1008.0
AAPL,201.07,49952.0,1748877540000.0,201.08,201.18,201.07,1074.0
AAPL,201.1131,39825.0,1748877600000.0,201.08,201.1643,201.08,874.0
AAPL,200.98,65352.0,1748877660000.0,201.12,201.13,200.97,1281.0
AAPL,200.9901,49486.0,1748877720000.0,200.98,201.04,200.96,1048.0
AAPL,201.0174,53999.0,1748877780000.0,200.995,201.03,200.93,924.0
AAPL,200.915,88919.0,1748877840000.0,201.02,201.04,200.9,1117.0
AAPL,200.71,59370.0,1748877900000.0,200.91,200.9452,200.71,1088.0
AAPL,200.775,64382.0,1748877960000.0,200.72,200.785,200.69,1191.0
AAPL,200.72,60430.0,1748878020000.0,200.77,200.79,200.7,877.0
AAPL,200.71,46030.0,1748878080000.0,200.71,200.7273,200.655,907.0
AAPL,200.71,47577.0,1748878140000.0,200.7088,200.72,200.627,1015.0
AAPL,200.81,63816.0,1748878200000.0,200.72,200.8423,200.69,1179.0
AAPL,200.74,96464.0,1748878260000.0,200.8089,200.83,200.68,1516.0
AAPL,200.655,39188.0,1748878320000.0,200.75,200.77,200.645,895.0
AAPL,200.59,51475.0,1748878380000.0,200.655,200.6754,200.57,1093.0
AAPL,200.5,59259.0,1748878440000.0,200.6,200.68,200.49,1131.0
AAPL,200.48,71110.0,1748878500000.0,200.5,200.53,200.43,1351.0
AAPL,200.52,92932.0,1748878560000.0,200.48,200.58,200.43,1424.0
AAPL,200.46,29468.0,1748878620000.0,200.515,200.52,200.425,769.0
AAPL,200.45,29701.0,1748878680000.0,200.46,200.49,200.42,721.0
AAPL,200.365,63626.0,1748878740000.0,200.455,200.53,200.365,1184.0
AAPL,200.39,52843.0,1748878800000.0,200.36,200.4,200.33,920.0
AAPL,200.3742,45924.0,1748878860000.0,200.39,200.41,200.3,1212.0
AAPL,200.4,62579.0,1748878920000.0,200.38,200.45,200.34,3224.0
AAPL,200.5,72128.0,1748878980000.0,200.4035,200.505,200.4035,2720.0
AAPL,200.5,89101.0,1748879040000.0,200.5075,200.54,200.475,1242.0
AAPL,200.48,48465.0,1748879100000.0,200.49,200.5186,200.45,989.0
AAPL,200.575,93486.0,1748879160000.0,200.49,200.64,200.49,1438.0
AAPL,200.72,92112.0,1748879220000.0,200.57,200.74,200.56,1217.0
AAPL,200.74,54756.0,1748879280000.0,200.7264,200.81,200.7,864.0
AAPL,200.79,51949.0,1748879340000.0,200.75,200.79,200.68,966.0
AAPL,200.9854,74590.0,1748879400000.0,200.7703,201.0,200.7648,1326.0
AAPL,200.9001,81656.0,1748879460000.0,200.99,201.08,200.9,1312.0
AAPL,200.9,69833.0,1748879520000.0,200.91,200.95,200.845,928.0
AAPL,201.06,57113.0,1748879580000.0,200.9076,201.1,200.9076,983.0
AAPL,201.01,37087.0,1748879640000.0,201.06,201.0668,201.01,693.0
AAPL,200.99,54094.0,1748879700000.0,201.01,201.06,200.94,936.0
AAPL,201.04,39437.0,1748879760000.0,200.99,201.045,200.97,811.0
AAPL,200.961,36385.0,1748879820000.0,201.02,201.07,200.961,792.0
AAPL,201.04,38789.0,1748879880000.0,200.97,201.05,200.95,793.0
AAPL,201.005,36996.0,1748879940000.0,201.05,201.08,201.0,810.0
AAPL,201.0,57424.0,1748880000000.0,201.01,201.04,200.97,1025.0
AAPL,201.11,55010.0,1748880060000.0,201.01,201.11,200.96,1282.0
AAPL,201.025,35153.0,1748880120000.0,201.1163,201.1187,201.02,739.0
AAPL,200.9143,83661.0,1748880180000.0,201.02,201.025,200.881,1267.0
AAPL,200.94,54038.0,1748880240000.0,200.92,200.9754,200.84,941.0
AAPL,200.9634,54195.0,1748880300000.0,200.954,201.05,200.9405,812.0
AAPL,200.8093,46682.0,1748880360000.0,200.98,200.9895,200.78,782.0
AAPL,200.87,55493.0,1748880420000.0,200.805,200.8773,200.715,937.0
AAPL,200.82,40088.0,1748880480000.0,200.86,200.9271,200.82,746.0
AAPL,200.92,36270.0,1748880540000.0,200.81,200.93,200.8,654.0
AAPL,200.97,25731.0,1748880600000.0,200.92,200.9771,200.91,652.0
AAPL,200.9788,86512.0,1748880660000.0,200.98,200.9887,200.91,653.0
AAPL,201.05,52084.0,1748880720000.0,200.975,201.11,200.97,855.0
AAPL,201.045,44188.0,1748880780000.0,201.05,201.08,201.02,733.0
AAPL,201.055,23169.0,1748880840000.0,201.05,201.07,201.0092,549.0
AAPL,201.05,27937.0,1748880900000.0,201.05,201.08,201.0139,597.0
AAPL,201.01,29202.0,1748880960000.0,201.0454,201.061,201.01,618.0
AAPL,201.005,33560.0,1748881020000.0,201.01,201.05,200.9718,746.0
AAPL,201.05,42505.0,1748881080000.0,200.995,201.06,200.97,694.0
AAPL,201.015,50532.0,1748881140000.0,201.05,201.05,200.9742,727.0
AAPL,201.04,31401.0,1748881200000.0,201.03,201.0494,200.97,688.0
AAPL,200.989,40573.0,1748881260000.0,201.05,201.07,200.989,749.0
AAPL,200.935,32622.0,1748881320000.0,200.995,201.0,200.93,813.0
AAPL,201.005,51921.0,1748881380000.0,200.93,201.06,200.93,934.0
AAPL,201.04,26632.0,1748881440000.0,201.01,201.055,200.985,569.0
AAPL,201.005,45105.0,1748881500000.0,201.037,201.04,200.93,813.0
AAPL,200.87,55335.0,1748881560000.0,201.0,201.005,200.87,1033.0
AAPL,201.03,38618.0,1748881620000.0,200.87,201.03,200.87,851.0
AAPL,201.0208,60693.0,1748881680000.0,201.03,201.1,200.99,1150.0
AAPL,201.03,40994.0,1748881740000.0,201.01,201.06,200.9709,789.0
AAPL,201.11,77543.0,1748881800000.0,201.03,201.168,200.97,1186.0
AAPL,200.89,52934.0,1748881860000.0,201.11,201.125,200.89,945.0
AAPL,200.91,33807.0,1748881920000.0,200.9,200.97,200.88,701.0
AAPL,200.86,21331.0,1748881980000.0,200.905,200.93,200.845,619.0
AAPL,200.95,26331.0,1748882040000.0,200.87,200.96,200.85,624.0
AAPL,201.04,30139.0,1748882100000.0,200.95,201.07,200.91,710.0
AAPL,200.9,49001.0,1748882160000.0,201.03,201.04,200.82,877.0
AAPL,200.955,20166.0,1748882220000.0,200.91,200.98,200.91,550.0
AAPL,201.03,32207.0,1748882280000.0,200.94,201.04,200.93,623.0
AAPL,200.935,45890.0,1748882340000.0,201.03,201.03,200.93,642.0
AAPL,200.88,37056.0,1748882400000.0,200.93,200.98,200.851,558.0
AAPL,200.92,34909.0,1748882460000.0,200.8701,200.92,200.84,604.0
AAPL,200.81,47874.0,1748882520000.0,200.92,200.92,200.78,822.0
AAPL,200.72,40319.0,1748882580000.0,200.79,200.805,200.6747,741.0
AAPL,200.65,61212.0,1748882640000.0,200.71,200.7175,200.57,1037.0
AAPL,200.69,39162.0,1748882700000.0,200.65,200.7,200.6,589.0
AAPL,200.71,28491.0,1748882760000.0,200.69,200.74,200.65,612.0
AAPL,200.82,34746.0,1748882820000.0,200.71,200.82,200.69,638.0
AAPL,200.7926,31953.0,1748882880000.0,200.81,200.8418,200.78,630.0
AAPL,200.73,32494.0,1748882940000.0,200.7966,200.85,200.73,634.0
AAPL,200.74,34500.0,1748883000000.0,200.72,200.75,200.665,622.0
AAPL,200.785,22889.0,1748883060000.0,200.74,200.84,200.69,561.0
AAPL,200.91,36556.0,1748883120000.0,200.7862,200.91,200.785,644.0
AAPL,200.85,36708.0,1748883180000.0,200.9192,200.96,200.83,810.0
AAPL,201.01,41525.0,1748883240000.0,200.85,201.01,200.83,818.0
AAPL,200.94,17926.0,1748883300000.0,201.0,201.0,200.925,513.0
AAPL,200.9416,31607.0,1748883360000.0,200.945,201.0135,200.94,561.0
AAPL,200.885,23023.0,1748883420000.0,200.95,200.95,200.88,547.0
AAPL,200.87,38325.0,1748883480000.0,200.89,200.96,200.8501,650.0
AAPL,200.8935,27930.0,1748883540000.0,200.86,200.9301,200.85,591.0
AAPL,200.88,41990.0,1748883600000.0,200.9,200.93,200.86,763.0
AAPL,201.05,63892.0,1748883660000.0,200.89,201.1,200.89,1205.0
AAPL,201.0251,53146.0,1748883720000.0,201.05,201.09,200.9757,827.0
AAPL,201.04,32503.0,1748883780000.0,201.015,201.0417,201.01,536.0
AAPL,200.9916,35445.0,1748883840000.0,201.05,201.05,200.98,634.0
AAPL,200.9902,18615.0,1748883900000.0,200.99,201.03,200.96,590.0
AAPL,201.0452,30761.0,1748883960000.0,201.0,201.05,200.99,690.0
AAPL,201.0214,51869.0,1748884020000.0,201.04,201.09,201.0205,876.0
AAPL,201.045,29432.0,1748884080000.0,201.03,201.09,201.03,588.0
AAPL,201.11,63743.0,1748884140000.0,201.045,201.1101,201.02,936.0
AAPL,201.06,40861.0,1748884200000.0,201.1,201.12,201.04,629.0
AAPL,201.0699,45168.0,1748884260000.0,201.06,201.0751,201.02,739.0
AAPL,201.055,34961.0,1748884320000.0,201.07,201.1112,201.055,644.0
AAPL,201.0652,32568.0,1748884380000.0,201.055,201.12,201.0235,713.0
AAPL,200.97,37875.0,1748884440000.0,201.07,201.09,200.95,822.0
AAPL,201.08,65366.0,1748884500000.0,200.975,201.1,200.96,944.0
AAPL,200.95,45487.0,1748884560000.0,201.085,201.085,200.9299,793.0
AAPL,200.98,25813.0,1748884620000.0,200.95,201.0,200.92,540.0
AAPL,200.9676,26726.0,1748884680000.0,200.97,201.015,200.95,596.0
AAPL,201.0265,25827.0,1748884740000.0,200.97,201.04,200.95,626.0
AAPL,201.04,30810.0,1748884800000.0,201.02,201.07,200.99,653.0
AAPL,200.99,41025.0,1748884860000.0,201.0354,201.06,200.93,756.0
AAPL,200.95,22265.0,1748884920000.0,200.99,201.01,200.95,538.0
AAPL,201.03,29969.0,1748884980000.0,200.94,201.04,200.94,670.0
AAPL,201.08,42794.0,1748885040000.0,201.02,201.12,200.99,748.0
AAPL,201.07,63387.0,1748885100000.0,201.07,201.11,201.0296,781.0
AAPL,201.07,27619.0,1748885160000.0,201.08,201.1008,200.98,674.0
AAPL,201.055,20731.0,1748885220000.0,201.06,201.1,201.0378,469.0
AAPL,200.9,33750.0,1748885280000.0,201.05,201.05,200.86,708.0
AAPL,200.8601,28919.0,1748885340000.0,200.88,200.9499,200.86,599.0
AAPL,201.0,47450.0,1748885400000.0,200.86,201.0,200.85,911.0
AAPL,200.83,35965.0,1748885460000.0,201.0,201.0036,200.82,874.0
AAPL,200.8896,44612.0,1748885520000.0,200.85,200.92,200.83,791.0
AAPL,200.84,25538.0,1748885580000.0,200.89,200.89,200.83,549.0
AAPL,200.87,29494.0,1748885640000.0,200.84,200.88,200.825,699.0
AAPL,200.815,68917.0,1748885700000.0,200.8664,200.8664,200.72,1185.0
AAPL,200.82,46447.0,1748885760000.0,200.82,200.86,200.7782,769.0
AAPL,200.84,45165.0,1748885820000.0,200.81,200.86,200.76,858.0
AAPL,200.815,29483.0,1748885880000.0,200.84,200.85,200.81,611.0
AAPL,200.83,36137.0,1748885940000.0,200.815,200.84,200.805,710.0
AAPL,200.81,51196.0,1748886000000.0,200.82,200.825,200.77,894.0
AAPL,200.7,72663.0,1748886060000.0,200.8,200.82,200.67,1020.0
AAPL,200.73,49288.0,1748886120000.0,200.7,200.78,200.66,891.0
AAPL,200.68,39012.0,1748886180000.0,200.73,200.75259,200.6558,703.0
AAPL,200.705,36043.0,1748886240000.0,200.68,200.72,200.68,679.0
AAPL,200.77,37356.0,1748886300000.0,200.71,200.7864,200.705,644.0
AAPL,200.7503,36021.0,1748886360000.0,200.775,200.8142,200.7503,670.0
AAPL,200.7547,26038.0,1748886420000.0,200.755,200.78,200.74,558.0
AAPL,200.68,32778.0,1748886480000.0,200.75,200.75,200.67,704.0
AAPL,200.66,36823.0,1748886540000.0,200.67,200.69,200.63,735.0
AAPL,200.595,34614.0,1748886600000.0,200.65,200.66,200.59,655.0
AAPL,200.66,37469.0,1748886660000.0,200.6,200.67,200.5801,686.0
AAPL,200.69,34819.0,1748886720000.0,200.6601,200.7,200.615,649.0
AAPL,200.72,29836.0,1748886780000.0,200.69,200.7304,200.6704,542.0
AAPL,200.72,25704.0,1748886840000.0,200.72,200.745,200.7,552.0
AAPL,200.71,39681.0,1748886900000.0,200.71,200.75,200.66,823.0
AAPL,200.845,57179.0,1748886960000.0,200.7173,200.86,200.7173,947.0
AAPL,200.8487,41779.0,1748887020000.0,200.845,200.9158,200.79,722.0
AAPL,200.8899,33374.0,1748887080000.0,200.845,200.9,200.84,619.0
AAPL,200.9,34093.0,1748887140000.0,200.89,200.92,200.885,723.0
AAPL,200.89,62851.0,1748887200000.0,200.9,200.94,200.84,1125.0
AAPL,200.97,36354.0,1748887260000.0,200.9,200.97,200.8529,778.0
AAPL,200.9215,110392.0,1748887320000.0,200.975,201.05,200.92,1820.0
AAPL,200.8887,40325.0,1748887380000.0,200.93,200.97,200.87,772.0
AAPL,200.84,46735.0,1748887440000.0,200.8887,200.89,200.79,724.0
AAPL,200.87,45387.0,1748887500000.0,200.85,200.91,200.78,920.0
AAPL,200.82,51357.0,1748887560000.0,200.88,200.885,200.8001,757.0
AAPL,200.77,35886.0,1748887620000.0,200.8288,200.86,200.76,679.0
AAPL,200.7678,44605.0,1748887680000.0,200.77,200.8,200.74,788.0
AAPL,200.76,99396.0,1748887740000.0,200.75,200.81,200.63,1488.0
AAPL,200.76,42050.0,1748887800000.0,200.76,200.82,200.735,670.0
AAPL,200.73,24674.0,1748887860000.0,200.76,200.77,200.7232,532.0
AAPL,200.76,47787.0,1748887920000.0,200.73,200.76,200.6801,672.0
AAPL,200.7802,44264.0,1748887980000.0,200.76,200.79,200.7284,687.0
AAPL,200.93,53055.0,1748888040000.0,200.775,200.97,200.7701,957.0
AAPL,201.035,81976.0,1748888100000.0,200.93,201.11,200.93,1304.0
AAPL,201.085,71961.0,1748888160000.0,201.04,201.1664,201.04,949.0
AAPL,201.0735,47168.0,1748888220000.0,201.09,201.1601,201.06,737.0
AAPL,201.15,35941.0,1748888280000.0,201.08,201.2,201.08,745.0
AAPL,201.13,66925.0,1748888340000.0,201.1401,201.29,201.13,1112.0
AAPL,201.24,62506.0,1748888400000.0,201.13,201.255,201.0806,1001.0
AAPL,201.38,65581.0,1748888460000.0,201.24,201.39,201.24,1036.0
AAPL,201.405,92742.0,1748888520000.0,201.39,201.53,201.38,1561.0
AAPL,201.38,72409.0,1748888580000.0,201.41,201.46,201.32,1066.0
AAPL,201.315,55367.0,1748888640000.0,201.36,201.37,201.29,915.0
AAPL,201.34,39831.0,1748888700000.0,201.32,201.3877,201.2984,745.0
AAPL,201.34,33480.0,1748888760000.0,201.3399,201.41,201.335,738.0
AAPL,201.3135,28786.0,1748888820000.0,201.34,201.37,201.31,674.0
AAPL,201.34,32862.0,1748888880000.0,201.315,201.34,201.3,727.0
AAPL,201.454,36905.0,1748888940000.0,201.345,201.46,201.33,795.0
AAPL,201.43,41011.0,1748889000000.0,201.45,201.46,201.42,714.0
AAPL,201.485,52595.0,1748889060000.0,201.4296,201.49,201.42,727.0
AAPL,201.44,49628.0,1748889120000.0,201.485,201.53,201.43,923.0
AAPL,201.4042,30897.0,1748889180000.0,201.447,201.465,201.4,662.0
AAPL,201.3501,43928.0,1748889240000.0,201.415,201.415,201.33,814.0
AAPL,201.34,76690.0,1748889300000.0,201.35,201.3685,201.29,782.0
AAPL,201.4,34065.0,1748889360000.0,201.35,201.4193,201.33,731.0
AAPL,201.38,35120.0,1748889420000.0,201.3999,201.41,201.35,648.0
AAPL,201.3886,19714.0,1748889480000.0,201.39,201.42,201.38,483.0
AAPL,201.37,25739.0,1748889540000.0,201.385,201.4,201.37,606.0
AAPL,201.265,40110.0,1748889600000.0,201.38,201.38,201.22,700.0
AAPL,201.255,37264.0,1748889660000.0,201.265,201.2877,201.223,569.0
AAPL,201.245,26099.0,1748889720000.0,201.255,201.28,201.22,501.0
AAPL,201.31,32524.0,1748889780000.0,201.24,201.3275,201.235,554.0
AAPL,201.27,30289.0,1748889840000.0,201.31,201.3399,201.26,594.0
AAPL,201.25,29541.0,1748889900000.0,201.27,201.27,201.22,580.0
AAPL,201.26,18964.0,1748889960000.0,201.25,201.28,201.24,462.0
AAPL,201.23,26560.0,1748890020000.0,201.265,201.29,201.225,559.0
AAPL,201.27,28338.0,1748890080000.0,201.225,201.295,201.225,567.0
AAPL,201.23,32771.0,1748890140000.0,201.28,201.28,201.22,620.0
AAPL,201.27,43433.0,1748890200000.0,201.225,201.2788,201.175,720.0
AAPL,201.255,55386.0,1748890260000.0,201.27,201.31,201.245,787.0
AAPL,201.29,30537.0,1748890320000.0,201.255,201.3,201.23,610.0
AAPL,201.29,42182.0,1748890380000.0,201.3,201.33,201.27,590.0
AAPL,201.3,28899.0,1748890440000.0,201.2788,201.3,201.27,588.0
AAPL,201.365,44333.0,1748890500000.0,201.29,201.37,201.26,841.0
AAPL,201.34,77221.0,1748890560000.0,201.36,201.4,201.31,1093.0
AAPL,201.26,42801.0,1748890620000.0,201.33,201.345,201.22,781.0
AAPL,201.215,41775.0,1748890680000.0,201.265,201.3,201.21,684.0
AAPL,201.265,41340.0,1748890740000.0,201.22,201.2666,201.19,707.0
AAPL,201.2923,60307.0,1748890800000.0,201.27,201.34,201.26,1040.0
AAPL,201.23,46729.0,1748890860000.0,201.2978,201.3,201.21,772.0
AAPL,201.24,32784.0,1748890920000.0,201.23,201.285,201.21,644.0
AAPL,201.2415,26427.0,1748890980000.0,201.2439,201.25,201.22,587.0
AAPL,201.26,40483.0,1748891040000.0,201.24,201.28,201.225,647.0
AAPL,201.24,52750.0,1748891100000.0,201.2554,201.2749,201.21,818.0
AAPL,201.195,94802.0,1748891160000.0,201.25,201.31,201.195,1087.0
AAPL,201.2299,80049.0,1748891220000.0,201.195,201.2299,201.155,985.0
AAPL,201.22,45204.0,1748891280000.0,201.22,201.22,201.14,770.0
AAPL,201.28,38499.0,1748891340000.0,201.215,201.3,201.19,601.0
AAPL,201.36,67574.0,1748891400000.0,201.2835,201.38,201.28,843.0
AAPL,201.395,55540.0,1748891460000.0,201.37,201.45,201.37,910.0
AAPL,201.33,36267.0,1748891520000.0,201.395,201.395,201.31,762.0
AAPL,201.35,37980.0,1748891580000.0,201.32,201.36,201.29,642.0
AAPL,201.285,55909.0,1748891640000.0,201.36,201.37,201.27,788.0
AAPL,201.265,60847.0,1748891700000.0,201.285,201.33,201.2642,758.0
AAPL,201.3852,60791.0,1748891760000.0,201.265,201.39,201.22,945.0
AAPL,201.365,44988.0,1748891820000.0,201.395,201.4,201.36,799.0
AAPL,201.41,70681.0,1748891880000.0,201.38,201.435,201.37,964.0
AAPL,201.3908,50358.0,1748891940000.0,201.41,201.4135,201.38,700.0
AAPL,201.47,69699.0,1748892000000.0,201.3888,201.47,201.34,1004.0
AAPL,201.52,48282.0,1748892060000.0,201.48,201.52,201.45,861.0
AAPL,201.59,56926.0,1748892120000.0,201.51,201.63,201.51,931.0
AAPL,201.605,36861.0,1748892180000.0,201.5821,201.62,201.5401,687.0
AAPL,201.7,111570.0,1748892240000.0,201.605,201.78,201.595,1565.0
AAPL,201.66,59713.0,1748892300000.0,201.71,201.74,201.655,1083.0
AAPL,201.7,62011.0,1748892360000.0,201.665,201.75,201.66,905.0
AAPL,201.645,63131.0,1748892420000.0,201.71,201.7298,201.635,953.0
AAPL,201.705,31604.0,1748892480000.0,201.645,201.7299,201.645,693.0
AAPL,201.66,47044.0,1748892540000.0,201.7,201.7,201.59,1047.0
AAPL,201.585,61405.0,1748892600000.0,201.65,201.65,201.585,1209.0
AAPL,201.59,62131.0,1748892660000.0,201.58,201.61,201.57,988.0
AAPL,201.54,63982.0,1748892720000.0,201.6,201.6,201.49,1017.0
AAPL,201.5,45797.0,1748892780000.0,201.5393,201.55,201.495,829.0
AAPL,201.44,548797.0,1748892840000.0,201.51,201.5101,201.43,876.0
AAPL,201.4698,55033.0,1748892900000.0,201.45,201.4974,201.42,1108.0
AAPL,201.525,65874.0,1748892960000.0,201.47,201.5499,201.45,1093.0
AAPL,201.5865,48226.0,1748893020000.0,201.525,201.59,201.5201,876.0
AAPL,201.495,39486.0,1748893080000.0,201.585,201.59,201.485,761.0
AAPL,201.49,59107.0,1748893140000.0,201.495,201.52,201.46,990.0
AAPL,201.54,77646.0,1748893200000.0,201.49,201.58,201.4801,1085.0
AAPL,201.5689,155041.0,1748893260000.0,201.545,201.59,201.5,1062.0
AAPL,201.585,57006.0,1748893320000.0,201.57,201.65,201.53,1073.0
AAPL,201.5801,63891.0,1748893380000.0,201.58,201.6669,201.575,1078.0
AAPL,201.5,57481.0,1748893440000.0,201.59,201.59,201.48,1053.0
AAPL,201.54,39774.0,1748893500000.0,201.51,201.59,201.51,820.0
AAPL,201.56,47881.0,1748893560000.0,201.535,201.5699,201.47,1080.0
AAPL,201.5665,41323.0,1748893620000.0,201.56,201.6,201.52,984.0
AAPL,201.58,48022.0,1748893680000.0,201.57,201.6199,201.5601,971.0
AAPL,201.59,43459.0,1748893740000.0,201.58,201.635,201.56,1117.0
AAPL,201.72,178416.0,1748893800000.0,201.6,201.79,201.38,2988.0
AAPL,201.7195,123250.0,1748893860000.0,201.735,201.76,201.6605,2125.0
AAPL,201.5991,88042.0,1748893920000.0,201.72,201.73,201.565,1938.0
AAPL,201.585,81747.0,1748893980000.0,201.6,201.68,201.545,1801.0
AAPL,201.455,288446.0,1748894040000.0,201.55,201.59,201.3,4183.0
AAPL,201.415,187480.0,1748894100000.0,201.46,201.56,201.3,3597.0
AAPL,201.515,169384.0,1748894160000.0,201.42,201.56,201.37,2862.0
AAPL,201.58,154426.0,1748894220000.0,201.515,201.59,201.48,2514.0
AAPL,201.6814,251745.0,1748894280000.0,201.58,201.7,201.55,3129.0
AAPL,201.79,768736.0,1748894340000.0,201.685,201.82,201.645,8292.0
AAPL,201.95,397223.0,1748894400000.0,201.7,202.01,201.53,548.0
AAPL,201.89,15940.0,1748894460000.0,201.9699,202.02,201.7425,58.0
AAPL,202.1,12221.0,1748894520000.0,201.99,202.1,201.9,178.0
AAPL,201.9,7215.0,1748894580000.0,202.1,202.1,201.9,109.0
AAPL,202.15,17444.0,1748894640000.0,202.0,202.48,202.0,310.0
AAPL,201.977,14126.0,1748894700000.0,202.28,202.38,201.73,183.0
AAPL,202.06,9514.0,1748894760000.0,202.13,202.13,201.7,49.0
AAPL,202.03,1453.0,1748894820000.0,202.14,202.1499,202.03,28.0
AAPL,202.0986,1015.0,1748894880000.0,202.0986,202.0986,202.0986,45.0
AAPL,202.0122,12280.0,1748894940000.0,202.1496,202.1997,202.0122,108.0
AAPL,202.01,1572.0,1748895000000.0,202.06,202.06,202.01,44.0
AAPL,202.1,2342.0,1748895060000.0,202.1,202.12,202.01,44.0
AAPL,202.05,1705.0,1748895120000.0,202.08,202.08,202.03,30.0
AAPL,202.08,3600.0,1748895180000.0,202.1,202.1,201.95,63.0
AAPL,201.9149,1238.0,1748895240000.0,201.93,201.93,201.9149,22.0
AAPL,202.1,629.0,1748895300000.0,202.03,202.1,202.03,30.0
AAPL,202.2,5261.0,1748895360000.0,202.07,202.2,202.07,77.0
AAPL,202.0322,757.0,1748895420000.0,202.15,202.15,202.0322,28.0
AAPL,202.04,819.0,1748895480000.0,202.2,202.2,202.04,31.0
AAPL,202.105,3307.0,1748895540000.0,201.7,202.15,201.7,28.0
AAPL,202.06,910.0,1748895600000.0,202.105,202.105,202.05,34.0
AAPL,201.7,2722.0,1748895660000.0,202.1473,202.1473,201.7,26.0
AAPL,202.09,875.0,1748895720000.0,202.08,202.09,202.08,31.0
AAPL,202.09,1718.0,1748895780000.0,202.08,202.09,202.0406,32.0
AAPL,202.04,878.0,1748895840000.0,202.09,202.09,202.04,15.0
AAPL,201.95,3046.0,1748895900000.0,202.09,202.1,201.95,69.0
AAPL,202.0,353.0,1748896080000.0,202.0,202.0,202.0,15.0
AAPL,202.09,3231.0,1748896140000.0,202.0006,202.09,202.0006,43.0
AAPL,202.0005,1316.0,1748896200000.0,202.1,202.1,202.0005,27.0
AAPL,201.91,499.0,1748896260000.0,202.0,202.0,201.91,25.0
AAPL,201.99,1740.0,1748896380000.0,201.96,201.99,201.91,63.0
AAPL,202.0,1667.0,1748896500000.0,201.99,202.0,201.88,43.0
AAPL,201.9,653.0,1748896620000.0,201.9,201.9,201.9,26.0
AAPL,201.98,5729.0,1748896680000.0,201.86,201.98,201.86,27.0
AAPL,201.86,244.0,1748896740000.0,201.86,201.86,201.86,14.0
AAPL,202.0,1271.0,1748896860000.0,201.98,202.0,201.98,44.0
AAPL,201.8642,1318.0,1748896920000.0,202.0,202.0,201.8642,13.0
AAPL,201.95,188.0,1748896980000.0,201.95,201.95,201.95,18.0
AAPL,201.96,940.0,1748897040000.0,201.8985,201.96,201.8927,13.0
AAPL,202.0,1039.0,1748897100000.0,202.0,202.0,202.0,57.0
AAPL,202.0,2660.0,1748897340000.0,201.99,202.1,201.99,57.0
AAPL,201.942,595.0,1748897400000.0,202.002,202.002,201.942,25.0
AAPL,202.0012,284.0,1748897460000.0,202.0012,202.0012,202.0012,11.0
AAPL,202.0,1307.0,1748897520000.0,202.0,202.0,202.0,14.0
AAPL,202.0,328.0,1748897580000.0,202.0,202.0,202.0,10.0
AAPL,201.9786,1105.0,1748897760000.0,201.94,201.9786,201.94,15.0
AAPL,201.9788,301.0,1748897820000.0,201.9788,201.9788,201.9788,10.0
AAPL,201.941,288.0,1748897880000.0,201.941,201.941,201.941,11.0
AAPL,201.91,1834.0,1748898120000.0,201.94,201.94,201.91,22.0
AAPL,201.9103,900.0,1748898180000.0,201.9103,201.9103,201.9103,10.0
AAPL,201.91,476.0,1748898300000.0,201.92,201.92,201.91,19.0
AAPL,201.9,205.0,1748898540000.0,201.9,201.9,201.9,4.0
AAPL,201.9,218.0,1748898600000.0,201.9,201.9,201.9,8.0
AAPL,201.95,550.0,1748898780000.0,201.95,201.95,201.95,18.0
AAPL,201.99,508.0,1748898840000.0,201.99,201.99,201.99,28.0
AAPL,201.9902,2754.0,1748898900000.0,201.99,202.1,201.99,68.0
AAPL,202.0,597.0,1748898960000.0,202.0,202.0,202.0,27.0
AAPL,202.01,399.0,1748899080000.0,202.05,202.05,202.01,19.0
AAPL,201.95,1618.0,1748899140000.0,202.0,202.0,201.95,41.0
AAPL,201.9,1331.0,1748899200000.0,201.9072,202.0,201.9,8.0
AAPL,201.95,162.0,1748899260000.0,201.95,201.95,201.95,10.0
AAPL,201.9967,333.0,1748899320000.0,201.9967,201.9967,201.9967,6.0
AAPL,201.9,545.0,1748899500000.0,201.91,201.91,201.9,11.0
AAPL,201.9004,315.0,1748899560000.0,201.9004,201.9004,201.9004,12.0
AAPL,201.94,261.0,1748899740000.0,201.93,201.94,201.93,11.0
AAPL,201.94,396.0,1748899800000.0,201.93,201.94,201.93,14.0
AAPL,201.91,325.0,1748899860000.0,201.91,201.91,201.91,11.0
AAPL,201.95,176.0,1748899980000.0,201.95,201.95,201.95,10.0
AAPL,201.9301,477.0,1748900160000.0,201.94,201.94,201.9301,19.0
AAPL,201.94,589.0,1748900280000.0,201.95,201.95,201.94,18.0
AAPL,201.95,173.0,1748900400000.0,201.95,201.95,201.95,9.0
AAPL,201.97,550.0,1748900460000.0,201.98,201.99,201.97,20.0
AAPL,201.97,556.0,1748900520000.0,201.97,201.97,201.97,6.0
AAPL,201.97,210.0,1748900580000.0,201.97,201.97,201.97,7.0
AAPL,201.9,1544.0,1748900640000.0,201.98,201.98,201.9,13.0
AAPL,201.9695,1390.0,1748900820000.0,201.9695,201.9695,201.9695,28.0
AAPL,201.9,454.0,1748901000000.0,201.9,201.9,201.9,26.0
AAPL,201.92,627.0,1748901180000.0,201.91,201.92,201.91,11.0
AAPL,201.88,134.0,1748901240000.0,201.88,201.88,201.88,11.0
AAPL,201.9412,331.0,1748901420000.0,201.9412,201.9412,201.9412,13.0
AAPL,201.93,448.0,1748901600000.0,201.9,201.93,201.9,24.0
AAPL,201.81,650.0,1748901840000.0,201.8,201.81,201.8,28.0
AAPL,201.8025,261.0,1748901900000.0,201.8025,201.8025,201.8025,6.0
AAPL,201.8799,1749.0,1748902020000.0,201.802,201.88,201.8,16.0
AAPL,201.8201,692.0,1748902140000.0,201.8799,201.8799,201.8009,9.0
AAPL,201.81,642.0,1748902320000.0,201.877,201.877,201.81,13.0
AAPL,201.81,425.0,1748902380000.0,201.81,201.81,201.81,8.0
AAPL,201.76,1307.0,1748902440000.0,201.8,201.85,201.76,25.0
AAPL,201.7513,263.0,1748903040000.0,201.7513,201.7513,201.7513,10.0
AAPL,201.75,387.0,1748903160000.0,201.75,201.75,201.75,32.0
AAPL,201.53,2849.0,1748903220000.0,201.7023,201.7023,201.53,77.0
AAPL,201.3066,960.0,1748903400000.0,201.3066,201.3066,201.3066,11.0
AAPL,201.61,241.0,1748903820000.0,201.61,201.61,201.61,15.0
AAPL,201.54,536.0,1748903880000.0,201.56,201.56,201.54,17.0
AAPL,201.62,334.0,1748904120000.0,201.62,201.62,201.62,14.0
AAPL,201.66,590.0,1748904360000.0,201.66,201.66,201.66,7.0
AAPL,201.6793,599.0,1748904480000.0,201.6793,201.6793,201.6793,16.0
AAPL,201.64,822.0,1748904660000.0,201.58,201.7,201.58,17.0
AAPL,201.65,816.0,1748904720000.0,201.645,201.65,201.6,8.0
AAPL,201.6,900.0,1748904780000.0,201.61,201.61,201.6,25.0
AAPL,201.65,1353.0,1748905020000.0,201.64,201.65,201.64,16.0
AAPL,201.65,2351.0,1748905080000.0,201.6204,201.65,201.6204,17.0
AAPL,201.65,2972.0,1748905140000.0,201.65,201.65,201.65,10.0
AAPL,201.68,6161.0,1748905200000.0,201.66,201.68,201.65,26.0
AAPL,201.7,1460.0,1748905260000.0,201.7,201.7,201.7,22.0
AAPL,201.71,456.0,1748905320000.0,201.71,201.71,201.71,12.0
AAPL,201.7849,236.0,1748905380000.0,201.76,201.7849,201.76,8.0
AAPL,201.78,257.0,1748905440000.0,201.78,201.78,201.78,13.0
AAPL,201.71,622.0,1748905500000.0,201.7308,201.7308,201.71,8.0
AAPL,201.71,346.0,1748905560000.0,201.71,201.71,201.71,10.0
AAPL,201.7675,138.0,1748905680000.0,201.7675,201.7675,201.7675,9.0
AAPL,201.76,278.0,1748905740000.0,201.76,201.76,201.76,11.0
AAPL,201.8,1521.0,1748905800000.0,201.8,201.8,201.8,39.0
AAPL,201.8,365.0,1748905980000.0,201.8,201.8,201.8,13.0
AAPL,201.83,5207.0,1748906160000.0,201.89,201.89,201.83,24.0
AAPL,201.67,662.0,1748906220000.0,201.75,201.75,201.67,23.0
AAPL,201.55,268.0,1748906280000.0,201.55,201.55,201.55,11.0
AAPL,201.7,202.0,1748906400000.0,201.7,201.7,201.7,4.0
AAPL,201.73,359.0,1748906460000.0,201.73,201.73,201.73,10.0
AAPL,201.8,220.0,1748906520000.0,201.8,201.8,201.8,9.0
AAPL,201.75,287.0,1748906580000.0,201.76,201.76,201.75,5.0
AAPL,201.7,493.0,1748906640000.0,201.7,201.7,201.7,15.0
AAPL,201.3,5045.0,1748906700000.0,201.75,201.75,201.3,123.0
AAPL,201.22,1823.0,1748906760000.0,201.3,201.3,201.21,39.0
AAPL,201.49,216.0,1748906820000.0,201.49,201.49,201.49,7.0
AAPL,201.238,1609.0,1748906880000.0,201.55,201.88,201.238,43.0
AAPL,201.85,1187.0,1748906940000.0,201.89,201.93,201.85,22.0
AAPL,201.88,807.0,1748907000000.0,201.85,201.88,201.85,12.0
AAPL,201.6301,157.0,1748907240000.0,201.6301,201.6301,201.6301,5.0
AAPL,201.6315,117.0,1748907360000.0,201.6315,201.6315,201.6315,6.0
AAPL,201.6,3550.0,1748907420000.0,201.63,201.65,201.6,32.0
AAPL,201.58,2965.0,1748907540000.0,201.6,201.6,201.58,18.0
AAPL,201.59,1082.0,1748907660000.0,201.6,201.6,201.59,26.0
AAPL,201.66,417.0,1748907720000.0,201.66,201.66,201.65,10.0
AAPL,201.78,899.0,1748907840000.0,201.78,201.78,201.78,17.0
AAPL,201.895,644.0,1748907900000.0,201.7595,201.895,201.7595,35.0
AAPL,201.81,1045.0,1748907960000.0,201.9337,201.9337,201.81,20.0
AAPL,201.76,547.0,1748908020000.0,201.76,201.7784,201.76,16.0
AAPL,201.7769,283.0,1748908200000.0,201.7769,201.7769,201.7769,7.0
AAPL,201.62,982.0,1748908260000.0,201.7,201.7,201.62,28.0
AAPL,201.25,5162.0,1748908380000.0,201.58,201.58,201.25,55.0
AAPL,201.3,3828.0,1748908440000.0,201.3,201.3,201.28,22.0
AAPL,201.3805,1863.0,1748908560000.0,201.3,201.39,201.3,23.0
AAPL,201.4,1711.0,1748908620000.0,201.4,201.4,201.3101,18.0
AAPL,201.68,1317.0,1748908680000.0,201.41,201.68,201.4011,22.0
AAPL,201.29,823.0,1748937600000.0,201.29,201.29,201.29,54.0
AAPL,201.27,419.0,1748937660000.0,201.27,201.27,201.27,77.0
AAPL,201.26,965.0,1748937840000.0,201.26,201.26,201.26,20.0
AAPL,201.27,1960.0,1748937900000.0,201.26,201.27,201.24,67.0
AAPL,201.18,482.0,1748938020000.0,201.18,201.18,201.18,14.0
AAPL,201.12,1276.0,1748938080000.0,201.12,201.12,201.12,17.0
AAPL,201.0,2121.0,1748938200000.0,201.11,201.11,201.0,64.0
AAPL,201.0,1437.0,1748938260000.0,201.0,201.0,201.0,46.0
AAPL,200.97,753.0,1748938500000.0,200.97,200.97,200.97,15.0
AAPL,200.96,142.0,1748938620000.0,200.96,200.96,200.96,6.0
AAPL,200.94,1807.0,1748938680000.0,200.92,200.94,200.92,25.0
AAPL,200.82,2403.0,1748938740000.0,200.99,200.99,200.8,61.0
AAPL,200.86,3846.0,1748938800000.0,200.83,200.93,200.83,31.0
AAPL,200.8,1233.0,1748938860000.0,200.81,200.81,200.8,13.0
AAPL,200.75,499.0,1748938920000.0,200.75,200.75,200.75,8.0
AAPL,200.84,304.0,1748939160000.0,200.85,200.85,200.84,12.0
AAPL,200.82,917.0,1748939340000.0,200.82,200.82,200.82,26.0
AAPL,200.75,1674.0,1748939400000.0,200.76,200.76,200.75,19.0
AAPL,200.81,595.0,1748939460000.0,200.81,200.81,200.81,16.0
AAPL,200.84,601.0,1748939520000.0,200.83,200.84,200.83,17.0
AAPL,201.01,1205.0,1748939700000.0,200.9,201.01,200.9,20.0
AAPL,201.0,509.0,1748939760000.0,201.0,201.0,201.0,10.0
AAPL,200.95,214.0,1748939880000.0,200.95,200.95,200.95,6.0
AAPL,200.93,115.0,1748939940000.0,200.93,200.93,200.93,3.0
AAPL,200.93,1543.0,1748940000000.0,200.93,200.97,200.93,30.0
AAPL,200.92,313.0,1748940060000.0,200.91,200.92,200.91,10.0
AAPL,200.88,1258.0,1748940180000.0,200.88,200.88,200.87,30.0
AAPL,200.92,211.0,1748940540000.0,200.92,200.92,200.92,8.0
AAPL,201.05,1538.0,1748940720000.0,200.93,201.05,200.93,38.0
AAPL,201.09,770.0,1748940780000.0,201.09,201.09,201.09,16.0
AAPL,201.06,254.0,1748941320000.0,201.06,201.06,201.06,8.0
AAPL,201.06,1153.0,1748941440000.0,201.09,201.09,201.06,25.0
AAPL,201.0,1124.0,1748941680000.0,201.0,201.0,201.0,21.0
AAPL,201.07,338.0,1748941980000.0,201.07,201.07,201.07,11.0
AAPL,201.11,564.0,1748942040000.0,201.11,201.11,201.11,10.0
AAPL,201.1,708.0,1748942100000.0,201.1,201.1,201.1,21.0
AAPL,201.04,772.0,1748942460000.0,201.04,201.04,201.04,19.0
AAPL,200.91,1034.0,1748942520000.0,201.01,201.01,200.91,39.0
AAPL,200.99,437.0,1748942580000.0,200.99,200.99,200.99,8.0
AAPL,201.21,230.0,1748942760000.0,201.21,201.21,201.21,9.0
AAPL,201.2,141.0,1748942880000.0,201.2,201.2,201.2,5.0
AAPL,201.22,529.0,1748943480000.0,201.22,201.22,201.22,9.0
AAPL,201.23,143.0,1748943600000.0,201.23,201.23,201.23,4.0
AAPL,201.28,671.0,1748943780000.0,201.28,201.28,201.28,14.0
AAPL,201.22,1264.0,1748943900000.0,201.16,201.22,201.16,43.0
AAPL,201.23,651.0,1748944680000.0,201.23,201.23,201.23,19.0
AAPL,201.29,2364.0,1748945040000.0,201.26,201.29,201.23,33.0
AAPL,201.16,1574.0,1748945460000.0,201.24,201.25,201.16,48.0
AAPL,201.17,1185.0,1748946000000.0,201.24,201.24,201.17,45.0
AAPL,201.22,1313.0,1748946240000.0,201.2,201.22,201.2,61.0
AAPL,201.17,328.0,1748946420000.0,201.17,201.17,201.17,9.0
AAPL,201.23,1333.0,1748946540000.0,201.23,201.25,201.23,25.0
AAPL,201.32,1002.0,1748946660000.0,201.25,201.32,201.25,28.0
AAPL,201.3,414.0,1748946780000.0,201.31,201.31,201.3,16.0
AAPL,201.16,895.0,1748946840000.0,201.16,201.16,201.16,36.0
AAPL,201.18,872.0,1748946960000.0,201.12,201.18,201.12,17.0
AAPL,201.01,4518.0,1748947080000.0,201.12,201.12,201.0,108.0
AAPL,201.0,3793.0,1748947140000.0,201.05,201.08,201.0,51.0
AAPL,200.97,1417.0,1748947740000.0,201.04,201.04,200.97,68.0
AAPL,200.99,573.0,1748947920000.0,200.99,200.99,200.99,18.0
AAPL,201.06,399.0,1748948040000.0,201.08,201.08,201.06,10.0
AAPL,201.23,378.0,1748948160000.0,201.23,201.23,201.23,19.0
AAPL,201.23,461.0,1748948220000.0,201.23,201.23,201.23,8.0
AAPL,201.27,2498.0,1748948340000.0,201.17,201.27,201.17,43.0
AAPL,201.26,1403.0,1748948400000.0,201.22,201.26,201.21,57.0
AAPL,201.13,2980.0,1748948460000.0,201.2,201.2,201.13,61.0
AAPL,201.05,1696.0,1748948520000.0,201.05,201.05,201.05,31.0
AAPL,201.11,646.0,1748948640000.0,201.11,201.11,201.11,14.0
AAPL,201.0,4034.0,1748948700000.0,201.08,201.08,201.0,61.0
AAPL,201.0,1845.0,1748948760000.0,201.0,201.0,201.0,27.0
AAPL,201.1,2288.0,1748948880000.0,201.08,201.1,201.08,32.0
AAPL,201.17,782.0,1748948940000.0,201.19,201.19,201.17,15.0
AAPL,201.16,269.0,1748949000000.0,201.16,201.16,201.16,8.0
AAPL,201.11,367.0,1748949060000.0,201.11,201.11,201.11,19.0
AAPL,201.15,799.0,1748949120000.0,201.15,201.15,201.15,22.0
AAPL,201.19,181.0,1748949240000.0,201.19,201.19,201.19,10.0
AAPL,201.14,777.0,1748949300000.0,201.2,201.2,201.14,18.0
AAPL,201.15,477.0,1748949420000.0,201.15,201.15,201.15,12.0
AAPL,201.15,516.0,1748949720000.0,201.13,201.15,201.13,15.0
AAPL,201.2,472.0,1748949780000.0,201.17,201.2,201.16,9.0
AAPL,201.13,1004.0,1748949900000.0,201.18,201.18,201.13,22.0
AAPL,201.15,116.0,1748949960000.0,201.15,201.15,201.15,7.0
AAPL,201.18,692.0,1748950020000.0,201.18,201.18,201.18,11.0
AAPL,201.29,1449.0,1748950140000.0,201.22,201.29,201.22,30.0
AAPL,201.2,507.0,1748950320000.0,201.2,201.2,201.2,30.0
AAPL,201.32,453.0,1748950500000.0,201.32,201.32,201.32,20.0
AAPL,201.35,526.0,1748950560000.0,201.35,201.35,201.35,24.0
AAPL,201.42,989.0,1748950620000.0,201.42,201.42,201.42,47.0
AAPL,201.74,7451.0,1748950740000.0,201.47,201.74,201.47,117.0
AAPL,201.77,2449.0,1748950800000.0,201.77,201.77,201.77,29.0
AAPL,201.63,2215.0,1748951100000.0,201.61,201.64,201.61,26.0
AAPL,201.5,888.0,1748951160000.0,201.5,201.5,201.5,60.0
AAPL,201.44,483.0,1748951280000.0,201.39,201.44,201.39,18.0
AAPL,201.39,2280.0,1748951340000.0,201.43,201.43,201.39,43.0
AAPL,201.43,710.0,1748951400000.0,201.43,201.43,201.43,23.0
AAPL,201.46,622.0,1748951460000.0,201.46,201.46,201.46,15.0
AAPL,201.6,941.0,1748951700000.0,201.62,201.63,201.6,24.0
AAPL,201.56,1931.0,1748951940000.0,201.57,201.57,201.55,53.0
AAPL,201.6,770134.0,1748952000000.0,201.25,201.7999,200.9,1846.0
AAPL,201.727,6621.0,1748952060000.0,201.63,201.75,201.1729,197.0
AAPL,201.55,590.0,1748952180000.0,201.55,201.55,201.55,40.0
AAPL,201.5,2524.0,1748952300000.0,201.52,201.52,201.43,78.0
AAPL,201.54,379.0,1748952420000.0,201.51,201.54,201.51,15.0
AAPL,201.53,774.0,1748952480000.0,201.54,201.54,201.53,31.0
AAPL,201.65,3718.0,1748952540000.0,201.59,201.65,201.59,70.0
AAPL,201.68,1221.0,1748952600000.0,201.59,201.68,201.59,16.0
AAPL,201.59,917.0,1748952660000.0,201.6,201.6,201.59,23.0
AAPL,201.69,760.0,1748952720000.0,201.68,201.69,201.68,34.0
AAPL,201.7,2279.0,1748952780000.0,201.7,201.7,201.7,22.0
AAPL,201.7,615.0,1748952840000.0,201.7,201.7,201.7,21.0
AAPL,201.87,4140.0,1748952900000.0,201.7,201.9,201.7,99.0
AAPL,201.85,1781.0,1748952960000.0,201.88,201.89,201.85,36.0
AAPL,201.77,2370.0,1748953020000.0,201.78,201.7999,201.7,63.0
AAPL,201.76,804.0,1748953080000.0,201.7001,201.76,201.7001,26.0
AAPL,201.73,5079.0,1748953140000.0,201.76,201.76,201.73,21.0
AAPL,201.8499,1302.0,1748953200000.0,201.78,201.8499,201.78,23.0
AAPL,201.83,3774.0,1748953260000.0,201.83,201.83,201.78,34.0
AAPL,201.85,3563.0,1748953320000.0,201.8,201.85,201.8,65.0
AAPL,201.88,285.0,1748953500000.0,201.88,201.88,201.88,9.0
AAPL,201.75,12720.0,1748953560000.0,201.9,202.01,201.75,246.0
AAPL,201.97,1565.0,1748953620000.0,201.96,201.97,201.96,43.0
AAPL,201.91,981.0,1748953680000.0,201.91,201.91,201.91,24.0
AAPL,202.03,2909.0,1748953800000.0,202.0,202.03,202.0,74.0
AAPL,201.97,698.0,1748953860000.0,202.0,202.0,201.97,23.0
AAPL,201.77,3129.0,1748953920000.0,202.0,202.0,201.77,54.0
AAPL,201.9,747.0,1748953980000.0,201.95,201.95,201.9,18.0
AAPL,201.8,1100.0,1748954040000.0,201.85,201.85,201.8,39.0
AAPL,201.82,2084.0,1748954100000.0,201.8,201.82,201.7212,44.0
AAPL,201.76,1245.0,1748954160000.0,201.77,201.8482,201.73,40.0
AAPL,201.61,4386.0,1748954220000.0,201.75,201.75,201.61,168.0
AAPL,201.66,902.0,1748954280000.0,201.66,201.66,201.66,34.0
AAPL,201.69,815.0,1748954400000.0,201.69,201.69,201.69,28.0
AAPL,201.66,2683.0,1748954460000.0,201.72,201.78,201.66,65.0
AAPL,201.78,794.0,1748954520000.0,201.64,201.78,201.64,38.0
AAPL,201.7,1259.0,1748954640000.0,201.71,201.71,201.7,37.0
AAPL,201.8,10726.0,1748954700000.0,201.65,201.8,201.6,124.0
AAPL,201.83,4077.0,1748954760000.0,201.78,201.84,201.78,59.0
AAPL,202.0,2858.0,1748954820000.0,201.85,202.0,201.85,83.0
AAPL,201.94,2227.0,1748954880000.0,201.93,201.95,201.93,45.0
AAPL,202.0,1508.0,1748954940000.0,201.99,202.0,201.99,41.0
AAPL,201.9,1314.0,1748955000000.0,201.95,201.9899,201.9,47.0
AAPL,201.84,1909.0,1748955060000.0,201.9,201.9,201.84,79.0
AAPL,201.7967,374.0,1748955120000.0,201.7967,201.7967,201.7967,23.0
AAPL,201.89,1296.0,1748955180000.0,201.87,201.91,201.86,32.0
AAPL,201.84,1936.0,1748955240000.0,201.8399,201.84,201.82,47.0
AAPL,201.78,678.0,1748955300000.0,201.78,201.78,201.78,43.0
AAPL,201.9049,1589.0,1748955360000.0,201.9,201.9049,201.8,30.0
AAPL,201.9,645.0,1748955420000.0,201.9,201.9,201.9,34.0
AAPL,201.92,727.0,1748955480000.0,201.92,201.92,201.86,23.0
AAPL,201.89,2623.0,1748955540000.0,201.89,201.9,201.8602,57.0
AAPL,201.81,4822.0,1748955600000.0,201.92,201.92,201.81,84.0
AAPL,201.73,4502.0,1748955660000.0,201.81,201.81,201.73,59.0
AAPL,201.87,2880.0,1748955780000.0,201.8701,201.91,201.87,32.0
AAPL,201.95,1484.0,1748955840000.0,201.9,201.95,201.8983,49.0
AAPL,201.98,1418.0,1748955900000.0,201.95,201.99,201.95,31.0
AAPL,201.77,4718.0,1748955960000.0,201.9,201.94,201.73,75.0
AAPL,201.8,1487.0,1748956020000.0,201.8,201.8,201.8,50.0
AAPL,201.79,801.0,1748956080000.0,201.8,201.8,201.79,27.0
AAPL,201.79,2372.0,1748956140000.0,201.77,201.8,201.77,63.0
AAPL,201.7999,1111.0,1748956200000.0,201.8,201.8,201.7999,29.0
AAPL,201.79,1266.0,1748956260000.0,201.8,201.8,201.79,39.0
AAPL,201.74,4480.0,1748956320000.0,201.7999,201.8,201.74,88.0
AAPL,201.79,911.0,1748956380000.0,201.7985,201.7985,201.79,32.0
AAPL,201.79,3670.0,1748956440000.0,201.7899,201.79,201.789,36.0
AAPL,201.8,1577.0,1748956500000.0,201.8,201.8,201.79,56.0
AAPL,201.77,2196.0,1748956560000.0,201.79,201.7986,201.77,79.0
AAPL,201.72,1382.0,1748956620000.0,201.75,201.75,201.72,53.0
AAPL,201.8,1285.0,1748956740000.0,201.8,201.8,201.76,36.0
AAPL,201.79,1089.0,1748956800000.0,201.7999,201.7999,201.75,41.0
AAPL,201.78,1159.0,1748956860000.0,201.78,201.78,201.78,31.0
AAPL,201.76,3032.0,1748956920000.0,201.7999,201.8,201.76,52.0
AAPL,201.8,3008.0,1748956980000.0,201.74,201.8,201.7201,74.0
AAPL,201.74,1995.0,1748957040000.0,201.76,201.8,201.74,47.0
AAPL,201.69,15970.0,1748957100000.0,201.56,201.73,201.21,493.0
AAPL,201.6103,11793.0,1748957160000.0,201.7487,201.7684,201.54,133.0
AAPL,201.61,9636.0,1748957220000.0,201.61,201.78,201.3258,145.0
AAPL,201.38,25537.0,1748957280000.0,201.6,201.68,201.3,292.0
AAPL,201.4,16343.0,1748957340000.0,201.42,201.43,201.3,179.0
AAPL,202.15,1162027.0,1748957400000.0,201.35,202.6449,201.33,11892.0
AAPL,202.58,320103.0,1748957460000.0,202.19,202.5923,202.14,3766.0
AAPL,202.02,204489.0,1748957520000.0,202.56,202.56,201.9,2990.0
AAPL,201.79,195307.0,1748957580000.0,202.03,202.05,201.62,2950.0
AAPL,201.1028,273221.0,1748957640000.0,201.815,201.82,201.0,4821.0
AAPL,201.26,252987.0,1748957700000.0,201.07,201.3667,200.955,3633.0
AAPL,201.29,110325.0,1748957760000.0,201.26,201.36,201.1901,2117.0
AAPL,201.63,130635.0,1748957820000.0,201.28,201.7,201.24,2282.0
AAPL,201.63,111219.0,1748957880000.0,201.63,201.69,201.54,1947.0
AAPL,201.79,118566.0,1748957940000.0,201.63,201.79,201.59,2133.0
AAPL,201.79,167716.0,1748958000000.0,201.79,201.94,201.72,2413.0
AAPL,201.93,130330.0,1748958060000.0,201.79,201.93,201.725,1738.0
AAPL,202.05,179086.0,1748958120000.0,201.96,202.11,201.96,2506.0
AAPL,201.91,131365.0,1748958180000.0,202.0399,202.11,201.83,2167.0
AAPL,202.01,109671.0,1748958240000.0,201.91,202.06,201.895,1817.0
AAPL,202.04,104551.0,1748958300000.0,202.015,202.07,201.895,1655.0
AAPL,201.9,93830.0,1748958360000.0,202.0,202.02,201.87,1622.0
AAPL,202.37,154120.0,1748958420000.0,201.9,202.38,201.87,2225.0
AAPL,202.5509,147376.0,1748958480000.0,202.38,202.57,202.34,2257.0
AAPL,202.62,197975.0,1748958540000.0,202.56,202.64,202.48,2874.0
AAPL,202.93,406328.0,1748958600000.0,202.615,203.045,202.54,5035.0
AAPL,202.62,307410.0,1748958660000.0,202.93,203.06,202.52,4253.0
AAPL,202.65,121830.0,1748958720000.0,202.63,202.68,202.55,2090.0
AAPL,202.67,135199.0,1748958780000.0,202.66,202.82,202.6,2039.0
AAPL,202.6316,106209.0,1748958840000.0,202.69,202.765,202.61,1823.0
AAPL,202.58,96252.0,1748958900000.0,202.63,202.67,202.49,1756.0
AAPL,202.54,109845.0,1748958960000.0,202.58,202.645,202.45,1740.0
AAPL,202.59,90385.0,1748959020000.0,202.54,202.63,202.51,1635.0
AAPL,202.65,97128.0,1748959080000.0,202.59,202.66,202.495,1707.0
AAPL,202.55,214890.0,1748959140000.0,202.645,202.7,202.53,3166.0
AAPL,202.59,246725.0,1748959200000.0,202.58,202.81,202.55,3696.0
AAPL,202.93,137518.0,1748959260000.0,202.59,202.93,202.57,2180.0
AAPL,203.15,153717.0,1748959320000.0,202.9299,203.16,202.87,2369.0
AAPL,202.92,135841.0,1748959380000.0,203.13,203.24,202.91,2078.0
AAPL,202.75,110080.0,1748959440000.0,202.9208,202.93,202.7,1879.0
AAPL,202.855,84152.0,1748959500000.0,202.745,202.91,202.745,1608.0
AAPL,202.61,72065.0,1748959560000.0,202.865,202.91,202.6003,1459.0
AAPL,202.49,101587.0,1748959620000.0,202.62,202.63,202.49,2042.0
AAPL,202.46,144742.0,1748959680000.0,202.49,202.52,202.185,2456.0
AAPL,202.48,78899.0,1748959740000.0,202.44,202.48,202.32,1581.0
AAPL,202.41,117299.0,1748959800000.0,202.475,202.525,202.23,2004.0
AAPL,202.2474,97988.0,1748959860000.0,202.41,202.475,202.23,1476.0
AAPL,202.32,73889.0,1748959920000.0,202.25,202.42,202.24,1428.0
AAPL,202.47,116101.0,1748959980000.0,202.34,202.48,202.295,1594.0
AAPL,202.29,77716.0,1748960040000.0,202.46,202.47,202.29,1351.0
AAPL,202.375,146909.0,1748960100000.0,202.28,202.3799,202.22,2293.0
AAPL,202.29,62300.0,1748960160000.0,202.375,202.39,202.235,1335.0
AAPL,202.195,79410.0,1748960220000.0,202.26,202.265,202.11,1465.0
AAPL,202.245,72165.0,1748960280000.0,202.2,202.29,202.175,1286.0
AAPL,202.33,74013.0,1748960340000.0,202.24,202.33,202.205,1469.0
AAPL,202.29,88087.0,1748960400000.0,202.33,202.42,202.28,1636.0
AAPL,202.2601,50776.0,1748960460000.0,202.28,202.34,202.26,1114.0
AAPL,202.17,62538.0,1748960520000.0,202.27,202.27,202.1603,1193.0
AAPL,202.075,109587.0,1748960580000.0,202.18,202.18,202.04,1706.0
AAPL,202.12,56236.0,1748960640000.0,202.08,202.13,202.04,1802.0
AAPL,202.0514,101182.0,1748960700000.0,202.12,202.16,202.05,2369.0
AAPL,201.95,137338.0,1748960760000.0,202.055,202.08,201.88,2339.0
AAPL,201.91,92344.0,1748960820000.0,201.945,201.9588,201.85,1663.0
AAPL,201.76,119798.0,1748960880000.0,201.91,201.97,201.76,1814.0
AAPL,201.74,167044.0,1748960940000.0,201.765,201.7999,201.61,2565.0
AAPL,201.715,115297.0,1748961000000.0,201.74,201.85,201.68,1732.0
AAPL,201.69,124910.0,1748961060000.0,201.705,201.85,201.665,1682.0
AAPL,201.6899,136134.0,1748961120000.0,201.67,201.75,201.57,2092.0
AAPL,201.69,92596.0,1748961180000.0,201.685,201.71,201.53,1682.0
AAPL,201.74,84164.0,1748961240000.0,201.69,201.75,201.63,1357.0
AAPL,201.595,109544.0,1748961300000.0,201.74,201.75,201.5202,1758.0
AAPL,201.68,80985.0,1748961360000.0,201.58,201.68,201.57,1424.0
AAPL,201.71,57227.0,1748961420000.0,201.675,201.71,201.61,1014.0
AAPL,201.705,71318.0,1748961480000.0,201.6902,201.83,201.685,1483.0
AAPL,201.775,67620.0,1748961540000.0,201.705,201.8,201.69,1126.0
AAPL,201.83,89204.0,1748961600000.0,201.78,201.83,201.73,1534.0
AAPL,201.72,83621.0,1748961660000.0,201.83,201.83,201.69,1511.0
AAPL,201.745,62013.0,1748961720000.0,201.725,201.8,201.69,1061.0
AAPL,201.8781,69475.0,1748961780000.0,201.75,201.9,201.7448,1307.0
AAPL,201.8446,71746.0,1748961840000.0,201.875,201.875,201.72,1022.0
AAPL,201.9495,99659.0,1748961900000.0,201.8469,201.96,201.79,1364.0
AAPL,201.95,66981.0,1748961960000.0,201.935,201.96,201.8501,1116.0
AAPL,201.935,87029.0,1748962020000.0,201.955,201.99,201.885,1450.0
AAPL,201.835,116071.0,1748962080000.0,201.935,201.99,201.77,1611.0
AAPL,201.94,92181.0,1748962140000.0,201.84,202.05,201.83,1548.0
AAPL,201.9435,56409.0,1748962200000.0,201.93,201.955,201.88,884.0
AAPL,201.955,72599.0,1748962260000.0,201.95,201.98,201.8601,1135.0
AAPL,201.93,44388.0,1748962320000.0,201.95,201.98,201.9,867.0
AAPL,201.9,36108.0,1748962380000.0,201.9299,201.97,201.9,838.0
AAPL,201.7291,73514.0,1748962440000.0,201.905,201.94,201.7291,1190.0
AAPL,201.799,73872.0,1748962500000.0,201.725,201.885,201.725,1076.0
AAPL,201.858,49497.0,1748962560000.0,201.79,201.88,201.78,847.0
AAPL,201.915,56945.0,1748962620000.0,201.84,201.98,201.84,1045.0
AAPL,202.055,85611.0,1748962680000.0,201.92,202.06,201.91,1316.0
AAPL,202.055,83512.0,1748962740000.0,202.055,202.15,202.035,1269.0
AAPL,202.21,91386.0,1748962800000.0,202.06,202.2385,202.06,1454.0
AAPL,202.215,121828.0,1748962860000.0,202.215,202.3,202.17,1709.0
AAPL,202.275,62990.0,1748962920000.0,202.219,202.33,202.215,956.0
AAPL,202.345,82041.0,1748962980000.0,202.28,202.375,202.28,1267.0
AAPL,202.23,86486.0,1748963040000.0,202.34,202.34,202.19,1398.0
AAPL,202.355,69978.0,1748963100000.0,202.24,202.365,202.24,1122.0
AAPL,202.4401,75260.0,1748963160000.0,202.35,202.45,202.3001,1196.0
AAPL,202.435,103478.0,1748963220000.0,202.445,202.515,202.4,1552.0
AAPL,202.39,63793.0,1748963280000.0,202.44,202.44,202.33,1119.0
AAPL,202.42,50663.0,1748963340000.0,202.395,202.4269,202.34,985.0
AAPL,202.51,71242.0,1748963400000.0,202.42,202.5499,202.41,1216.0
AAPL,202.51,90481.0,1748963460000.0,202.515,202.59,202.5,1233.0
AAPL,202.535,61373.0,1748963520000.0,202.51,202.55,202.4307,1079.0
AAPL,202.5201,56340.0,1748963580000.0,202.54,202.55,202.49,1097.0
AAPL,202.53,72988.0,1748963640000.0,202.515,202.53,202.46,942.0
AAPL,202.525,62959.0,1748963700000.0,202.52,202.5587,202.47,1096.0
AAPL,202.49,41779.0,1748963760000.0,202.53,202.5497,202.47,1215.0
AAPL,202.515,73384.0,1748963820000.0,202.485,202.52,202.46,1104.0
AAPL,202.55,93577.0,1748963880000.0,202.515,202.555,202.49,1433.0
AAPL,202.46,40784.0,1748963940000.0,202.55,202.58,202.46,859.0
AAPL,202.44,65034.0,1748964000000.0,202.4799,202.505,202.44,1316.0
AAPL,202.46,57019.0,1748964060000.0,202.45,202.5,202.44,859.0
AAPL,202.455,55014.0,1748964120000.0,202.455,202.48,202.37,1056.0
AAPL,202.5778,74653.0,1748964180000.0,202.47,202.59,202.42,1098.0
AAPL,202.565,61167.0,1748964240000.0,202.56,202.59,202.485,1042.0
AAPL,202.633,116598.0,1748964300000.0,202.565,202.69,202.56,1524.0
AAPL,202.57,102093.0,1748964360000.0,202.63,202.685,202.53,1589.0
AAPL,202.47,145672.0,1748964420000.0,202.565,202.565,202.4,1995.0
AAPL,202.495,116770.0,1748964480000.0,202.47,202.54,202.395,1769.0
AAPL,202.5,71456.0,1748964540000.0,202.495,202.52,202.42,1068.0
AAPL,202.5669,54794.0,1748964600000.0,202.52,202.585,202.47,893.0
AAPL,202.395,72023.0,1748964660000.0,202.57,202.57,202.39,1122.0
AAPL,202.435,54499.0,1748964720000.0,202.4065,202.46,202.35,1066.0
AAPL,202.5,39762.0,1748964780000.0,202.44,202.51,202.423983,832.0
AAPL,202.46,53658.0,1748964840000.0,202.5,202.51,202.43,908.0
AAPL,202.525,49543.0,1748964900000.0,202.47,202.54,202.465,935.0
AAPL,202.5101,44598.0,1748964960000.0,202.525,202.56,202.47,879.0
AAPL,202.455,35667.0,1748965020000.0,202.51,202.52,202.455,788.0
AAPL,202.465,46806.0,1748965080000.0,202.45,202.485,202.4128,829.0
AAPL,202.51,44046.0,1748965140000.0,202.46,202.54,202.45,881.0
AAPL,202.475,53255.0,1748965200000.0,202.5,202.51,202.44,860.0
AAPL,202.48,83996.0,1748965260000.0,202.465,202.48,202.36,1472.0
AAPL,202.5477,50041.0,1748965320000.0,202.47,202.55,202.42,1066.0
AAPL,202.46,47492.0,1748965380000.0,202.55,202.55,202.4501,814.0
AAPL,202.45,50082.0,1748965440000.0,202.47,202.48,202.45,877.0
AAPL,202.365,55822.0,1748965500000.0,202.4674,202.4674,202.33,962.0
AAPL,202.345,103638.0,1748965560000.0,202.37,202.45,202.305,1464.0
AAPL,202.3637,47578.0,1748965620000.0,202.33,202.41,202.29,918.0
AAPL,202.29,58884.0,1748965680000.0,202.36,202.4,202.29,913.0
AAPL,202.225,64824.0,1748965740000.0,202.29,202.32,202.18,1082.0
AAPL,202.135,48340.0,1748965800000.0,202.23,202.23,202.12,890.0
AAPL,202.09,67483.0,1748965860000.0,202.135,202.14,202.06,1029.0
AAPL,202.15,49446.0,1748965920000.0,202.09,202.16,202.09,964.0
AAPL,202.38,53502.0,1748965980000.0,202.15,202.39,202.15,1048.0
AAPL,202.43,54343.0,1748966040000.0,202.385,202.44,202.3,991.0
AAPL,202.42,36947.0,1748966100000.0,202.44,202.4497,202.42,685.0
AAPL,202.585,73820.0,1748966160000.0,202.42,202.585,202.42,1109.0
AAPL,202.6471,69095.0,1748966220000.0,202.59,202.65,202.59,1040.0
AAPL,202.7484,94767.0,1748966280000.0,202.65,202.77,202.6454,1255.0
AAPL,202.93,148673.0,1748966340000.0,202.745,202.97,202.745,1902.0
AAPL,203.175,209703.0,1748966400000.0,202.935,203.27,202.91,3016.0
AAPL,203.26,137893.0,1748966460000.0,203.17,203.34,203.13,1892.0
AAPL,203.03,138503.0,1748966520000.0,203.255,203.26,203.025,1690.0
AAPL,203.005,82247.0,1748966580000.0,203.04,203.055,202.93,1258.0
AAPL,202.9502,53315.0,1748966640000.0,203.005,203.04,202.9001,873.0
AAPL,202.9901,52367.0,1748966700000.0,202.955,203.03,202.95,889.0
AAPL,203.01,59586.0,1748966760000.0,202.9999,203.0299,202.93,973.0
AAPL,203.045,66794.0,1748966820000.0,203.0,203.11,203.0,1053.0
AAPL,202.81,124421.0,1748966880000.0,203.04,203.04,202.77,1731.0
AAPL,202.7201,66023.0,1748966940000.0,202.805,202.805,202.66,1097.0
AAPL,202.59,86931.0,1748967000000.0,202.7203,202.77,202.59,1210.0
AAPL,202.72,86065.0,1748967060000.0,202.59,202.73,202.59,1143.0
AAPL,202.92,98790.0,1748967120000.0,202.725,202.93,202.72,1219.0
AAPL,202.8699,51455.0,1748967180000.0,202.925,202.925,202.829,755.0
AAPL,202.83,68433.0,1748967240000.0,202.865,202.94,202.8,904.0
AAPL,202.88,69058.0,1748967300000.0,202.83,202.94,202.83,910.0
AAPL,202.9888,94120.0,1748967360000.0,202.88,202.99,202.86,1089.0
AAPL,203.17,81124.0,1748967420000.0,202.985,203.2,202.9501,1151.0
AAPL,203.175,47942.0,1748967480000.0,203.18,203.22,203.14,733.0
AAPL,203.09,53694.0,1748967540000.0,203.167459,203.1808,203.09,895.0
AAPL,203.07,53092.0,1748967600000.0,203.09,203.12,203.045,910.0
AAPL,203.045,46017.0,1748967660000.0,203.055,203.11,203.01,791.0
AAPL,203.0442,49514.0,1748967720000.0,203.04,203.07,203.01,864.0
AAPL,202.82,183246.0,1748967780000.0,203.03,203.03,202.815,1530.0
AAPL,202.89,81782.0,1748967840000.0,202.83,202.895,202.75,1394.0
AAPL,202.91,58309.0,1748967900000.0,202.8887,202.9299,202.83,790.0
AAPL,202.97,48005.0,1748967960000.0,202.9155,202.98,202.855,749.0
AAPL,202.8897,44557.0,1748968020000.0,202.97,203.0,202.8603,867.0
AAPL,202.9446,55501.0,1748968080000.0,202.88,202.97,202.85,794.0
AAPL,203.055,62135.0,1748968140000.0,202.9414,203.06,202.9414,1012.0
AAPL,203.125,60970.0,1748968200000.0,203.06,203.1399,203.045,961.0
AAPL,203.34,118635.0,1748968260000.0,203.12,203.345,203.115,1796.0
AAPL,203.42,122911.0,1748968320000.0,203.3302,203.42,203.305,1659.0
AAPL,203.56,232882.0,1748968380000.0,203.4185,203.58,203.38,2039.0
AAPL,203.52,82186.0,1748968440000.0,203.5687,203.63,203.52,1334.0
AAPL,203.665,125761.0,1748968500000.0,203.525,203.7,203.525,1548.0
AAPL,203.685,114589.0,1748968560000.0,203.665,203.745,203.5801,1498.0
AAPL,203.5424,61963.0,1748968620000.0,203.685,203.7,203.54,1118.0
AAPL,203.56,64886.0,1748968680000.0,203.55,203.59,203.48,888.0
AAPL,203.555,41001.0,1748968740000.0,203.55,203.5999,203.54,827.0
AAPL,203.41,89571.0,1748968800000.0,203.55,203.55,203.345,1459.0
AAPL,203.49,52594.0,1748968860000.0,203.42,203.59,203.42,894.0
AAPL,203.3974,48133.0,1748968920000.0,203.49,203.49,203.355,815.0
AAPL,203.3907,58120.0,1748968980000.0,203.395,203.4,203.32,851.0
AAPL,203.45,55273.0,1748969040000.0,203.4,203.46,203.3501,976.0
AAPL,203.385,30664.0,1748969100000.0,203.46,203.46,203.36,644.0
AAPL,203.3612,45608.0,1748969160000.0,203.3842,203.4108,203.3401,762.0
AAPL,203.28,66755.0,1748969220000.0,203.365,203.365,203.2421,1135.0
AAPL,203.28,27335.0,1748969280000.0,203.2701,203.3172,203.26,589.0
AAPL,203.19,64768.0,1748969340000.0,203.28,203.32,203.17,992.0
AAPL,203.2,43709.0,1748969400000.0,203.19,203.25,203.18,707.0
AAPL,203.315,53044.0,1748969460000.0,203.195,203.35,203.195,847.0
AAPL,203.18,64074.0,1748969520000.0,203.315,203.345,203.145,913.0
AAPL,203.06,91109.0,1748969580000.0,203.18,203.2,203.02,1291.0
AAPL,203.075,46488.0,1748969640000.0,203.07,203.075,203.01,760.0
AAPL,203.11,53575.0,1748969700000.0,203.06,203.15,203.04,786.0
AAPL,203.095,46615.0,1748969760000.0,203.1,203.155,203.07,801.0
AAPL,203.08,40133.0,1748969820000.0,203.09,203.12,203.06,711.0
AAPL,203.22,52438.0,1748969880000.0,203.09,203.2215,203.08,735.0
AAPL,203.15,51663.0,1748969940000.0,203.2,203.21,203.14,920.0
AAPL,203.015,107224.0,1748970000000.0,203.15,203.2398,202.97,1508.0
AAPL,202.985,65089.0,1748970060000.0,203.0111,203.08,202.94,960.0
AAPL,202.965,106867.0,1748970120000.0,202.9801,202.99,202.9,1171.0
AAPL,203.0105,38817.0,1748970180000.0,202.96,203.03,202.945,667.0
AAPL,202.985,27061.0,1748970240000.0,203.02,203.03,202.98,589.0
AAPL,203.06,48491.0,1748970300000.0,202.9885,203.11,202.98,849.0
AAPL,203.065,42086.0,1748970360000.0,203.05,203.13,203.025,755.0
AAPL,203.09,45112.0,1748970420000.0,203.0601,203.15,203.05,796.0
AAPL,202.989,32685.0,1748970480000.0,203.085,203.085,202.95,612.0
AAPL,203.095,24725.0,1748970540000.0,203.0,203.12,202.97,617.0
AAPL,203.115,51636.0,1748970600000.0,203.0988,203.15,203.08,754.0
AAPL,203.04,37001.0,1748970660000.0,203.12,203.135,203.04,706.0
AAPL,203.077,26561.0,1748970720000.0,203.04,203.11,203.04,544.0
AAPL,203.21,77226.0,1748970780000.0,203.09,203.22,203.09,830.0
AAPL,203.2,37200.0,1748970840000.0,203.21,203.24,203.1688,796.0
AAPL,203.194,38886.0,1748970900000.0,203.2,203.21,203.145,797.0
AAPL,203.205,30924.0,1748970960000.0,203.205,203.23,203.17,738.0
AAPL,203.23,34859.0,1748971020000.0,203.21,203.24,203.18,824.0
AAPL,203.21,29054.0,1748971080000.0,203.225,203.2358,203.1901,606.0
AAPL,203.22,45285.0,1748971140000.0,203.21,203.25,203.2,797.0
AAPL,203.23,29894.0,1748971200000.0,203.2101,203.24,203.193,642.0
AAPL,203.37,71644.0,1748971260000.0,203.225,203.3709,203.225,1084.0
AAPL,203.355,37298.0,1748971320000.0,203.38,203.38,203.325,681.0
AAPL,203.365,39812.0,1748971380000.0,203.36,203.4,203.325,780.0
AAPL,203.325,28379.0,1748971440000.0,203.369,203.39,203.3203,644.0
AAPL,203.125,326825.0,1748971500000.0,203.325,203.34,202.4,4558.0
AAPL,203.285,83464.0,1748971560000.0,203.125,203.335,203.125,1205.0
AAPL,203.23,37385.0,1748971620000.0,203.285,203.312,203.2,737.0
AAPL,203.31,49739.0,1748971680000.0,203.23,203.36,203.2238,898.0
AAPL,203.3146,60887.0,1748971740000.0,203.31,203.36,203.28,873.0
AAPL,203.34,44673.0,1748971800000.0,203.32,203.36,203.285,1000.0
AAPL,203.4672,115201.0,1748971860000.0,203.335,203.53,203.32,1736.0
AAPL,203.46,95948.0,1748971920000.0,203.475,203.48,203.3,1445.0
AAPL,203.5916,95550.0,1748971980000.0,203.48,203.6,203.44,1306.0
AAPL,203.555,64582.0,1748972040000.0,203.59,203.705,203.54,1117.0
AAPL,203.6101,38151.0,1748972100000.0,203.56,203.64,203.56,758.0
AAPL,203.61,42760.0,1748972160000.0,203.615,203.64,203.59,829.0
AAPL,203.6493,46612.0,1748972220000.0,203.6087,203.7154,203.6087,940.0
AAPL,203.7075,45294.0,1748972280000.0,203.645,203.71,203.6001,838.0
AAPL,203.72,55746.0,1748972340000.0,203.6993,203.7271,203.66,917.0
AAPL,203.605,172460.0,1748972400000.0,203.715,203.77,203.4,2509.0
AAPL,203.65,70177.0,1748972460000.0,203.61,203.65,203.41,1352.0
AAPL,203.58,73314.0,1748972520000.0,203.65,203.7051,203.56,1194.0
AAPL,203.58,35935.0,1748972580000.0,203.57,203.6206,203.525,642.0
AAPL,203.6,49988.0,1748972640000.0,203.57,203.72,203.57,870.0
AAPL,203.5509,29189.0,1748972700000.0,203.62,203.66,203.55,651.0
AAPL,203.52,38478.0,1748972760000.0,203.56,203.605,203.52,699.0
AAPL,203.475,44329.0,1748972820000.0,203.52,203.54,203.45,875.0
AAPL,203.47,41675.0,1748972880000.0,203.475,203.5468,203.46,780.0
AAPL,203.46,48711.0,1748972940000.0,203.48,203.52,203.41,902.0
AAPL,203.36,72029.0,1748973000000.0,203.4,203.43,203.3,1199.0
AAPL,203.435,64516.0,1748973060000.0,203.35,203.48,203.3406,840.0
AAPL,203.38,37960.0,1748973120000.0,203.44,203.4574,203.365,545.0
AAPL,203.39,53023.0,1748973180000.0,203.39,203.45,203.355,682.0
AAPL,203.26,63694.0,1748973240000.0,203.395,203.42,203.235,868.0
AAPL,203.34,35807.0,1748973300000.0,203.27,203.39,203.26,678.0
AAPL,203.24,37538.0,1748973360000.0,203.34,203.355,203.24,632.0
AAPL,203.26,27195.0,1748973420000.0,203.24,203.3,203.22,620.0
AAPL,203.1835,43490.0,1748973480000.0,203.275,203.2834,203.17,747.0
AAPL,203.215,20650.0,1748973540000.0,203.19,203.26,203.19,576.0
AAPL,203.226077,35202.0,1748973600000.0,203.22,203.27,203.19,613.0
AAPL,203.06,65310.0,1748973660000.0,203.225,203.27,203.04,1084.0
AAPL,202.875,87132.0,1748973720000.0,203.05,203.07,202.875,1223.0
AAPL,202.83,133318.0,1748973780000.0,202.87,202.89,202.69,1712.0
AAPL,203.001,72297.0,1748973840000.0,202.81,203.0099,202.74,1069.0
AAPL,202.93,42687.0,1748973900000.0,202.991,203.05,202.85,816.0
AAPL,202.9025,47531.0,1748973960000.0,202.92,202.94,202.77,818.0
AAPL,202.965,35454.0,1748974020000.0,202.9107,202.97,202.885,665.0
AAPL,202.885,24403.0,1748974080000.0,202.965,202.98,202.8702,564.0
AAPL,202.85,33448.0,1748974140000.0,202.88,202.8847,202.78,650.0
AAPL,202.575,85594.0,1748974200000.0,202.85,202.86,202.5,1429.0
AAPL,202.6464,60464.0,1748974260000.0,202.56,202.675,202.535,904.0
AAPL,202.58,52677.0,1748974320000.0,202.65,202.655,202.53,912.0
AAPL,202.63,50280.0,1748974380000.0,202.59,202.66,202.555,858.0
AAPL,202.66,62853.0,1748974440000.0,202.62,202.72,202.62,908.0
AAPL,202.6703,45770.0,1748974500000.0,202.655,202.6999,202.6102,750.0
AAPL,202.585,52499.0,1748974560000.0,202.6899,202.7,202.585,811.0
AAPL,202.535,45919.0,1748974620000.0,202.6074,202.62,202.52,722.0
AAPL,202.61,52530.0,1748974680000.0,202.53,202.68,202.51,885.0
AAPL,202.6898,49023.0,1748974740000.0,202.6,202.7165,202.6,763.0
AAPL,202.74,53887.0,1748974800000.0,202.685,202.8,202.685,962.0
AAPL,202.73,40167.0,1748974860000.0,202.73,202.743676,202.68,639.0
AAPL,202.72,65041.0,1748974920000.0,202.7374,202.76,202.66,749.0
AAPL,202.71,37050.0,1748974980000.0,202.73,202.75,202.6401,717.0
AAPL,202.7,50366.0,1748975040000.0,202.71,202.735,202.65,755.0
AAPL,202.6111,30680.0,1748975100000.0,202.69,202.71,202.58,592.0
AAPL,202.805,41805.0,1748975160000.0,202.61,202.83,202.61,691.0
AAPL,202.905,42886.0,1748975220000.0,202.8065,202.93,202.79,766.0
AAPL,203.0,79572.0,1748975280000.0,202.91,203.05,202.91,1214.0
AAPL,203.08,59960.0,1748975340000.0,202.99,203.1,202.985,737.0
AAPL,203.18,49225.0,1748975400000.0,203.08,203.21,203.08,806.0
AAPL,203.26,59782.0,1748975460000.0,203.185,203.28,203.165,783.0
AAPL,203.26,42992.0,1748975520000.0,203.255,203.3,203.25,752.0
AAPL,203.235,47137.0,1748975580000.0,203.26,203.2745,203.23,662.0
AAPL,203.255,36856.0,1748975640000.0,203.235,203.265,203.23,562.0
AAPL,203.2,47637.0,1748975700000.0,203.26,203.3,203.175,774.0
AAPL,203.175,40853.0,1748975760000.0,203.19,203.21,203.1401,743.0
AAPL,203.315,41595.0,1748975820000.0,203.175,203.315,203.15,682.0
AAPL,203.355,45545.0,1748975880000.0,203.315,203.355,203.24,672.0
AAPL,203.3011,39719.0,1748975940000.0,203.3501,203.37,203.3,656.0
AAPL,203.27,42187.0,1748976000000.0,203.31,203.3278,203.27,757.0
AAPL,203.31,48291.0,1748976060000.0,203.2799,203.36,203.2601,682.0
AAPL,203.32,57815.0,1748976120000.0,203.3,203.375,203.29,778.0
AAPL,203.29,32933.0,1748976180000.0,203.3109,203.34,203.25,547.0
AAPL,203.3454,25051.0,1748976240000.0,203.29,203.3654,203.28,464.0
AAPL,203.351,58228.0,1748976300000.0,203.35,203.4,203.33,943.0
AAPL,203.36,28217.0,1748976360000.0,203.35,203.39,203.345,538.0
AAPL,203.29,33176.0,1748976420000.0,203.36,203.36,203.283677,636.0
AAPL,203.275,33062.0,1748976480000.0,203.3,203.305,203.25,613.0
AAPL,203.33,34366.0,1748976540000.0,203.27,203.35,203.27,694.0
AAPL,203.265,44082.0,1748976600000.0,203.32,203.35,203.265,884.0
AAPL,203.155,46707.0,1748976660000.0,203.27,203.29,203.15,799.0
AAPL,203.24,39628.0,1748976720000.0,203.16,203.25,203.15,640.0
AAPL,203.19,36988.0,1748976780000.0,203.25,203.26,203.1792,692.0
AAPL,203.27,33245.0,1748976840000.0,203.19,203.28,203.17,561.0
AAPL,203.205,46645.0,1748976900000.0,203.275,203.34,203.205,762.0
AAPL,203.16,29003.0,1748976960000.0,203.21,203.245,203.16,583.0
AAPL,203.31,47577.0,1748977020000.0,203.16,203.3298,203.16,744.0
AAPL,203.32,43590.0,1748977080000.0,203.315,203.3399,203.3,679.0
AAPL,203.4,48942.0,1748977140000.0,203.325,203.41,203.32,816.0
AAPL,203.3828,66952.0,1748977200000.0,203.395,203.4399,203.33,962.0
AAPL,203.39,42715.0,1748977260000.0,203.385,203.43,203.3612,935.0
AAPL,203.395,35250.0,1748977320000.0,203.39,203.43,203.385,663.0
AAPL,203.24,74262.0,1748977380000.0,203.4,203.405,203.22,1069.0
AAPL,203.155,73139.0,1748977440000.0,203.2401,203.29,203.145,974.0
AAPL,203.195,77815.0,1748977500000.0,203.155,203.22,203.14,929.0
AAPL,203.21,51466.0,1748977560000.0,203.2,203.255,203.195,841.0
AAPL,203.1572,100468.0,1748977620000.0,203.21,203.235,203.14,1050.0
AAPL,203.14,59063.0,1748977680000.0,203.16,203.1858,203.14,792.0
AAPL,203.2,51151.0,1748977740000.0,203.14,203.21,203.06,934.0
AAPL,203.1,52423.0,1748977800000.0,203.2,203.23,203.0801,910.0
AAPL,203.123,47821.0,1748977860000.0,203.09,203.123,203.01,829.0
AAPL,203.215,49374.0,1748977920000.0,203.13,203.24,203.12,879.0
AAPL,203.17,46498.0,1748977980000.0,203.22,203.23,203.17,771.0
AAPL,203.16,35405.0,1748978040000.0,203.165,203.2,203.125,660.0
AAPL,203.21,54208.0,1748978100000.0,203.155,203.245,203.15,878.0
AAPL,203.0514,106239.0,1748978160000.0,203.2,203.205,203.03,1403.0
AAPL,203.06,97402.0,1748978220000.0,203.055,203.14,202.99,1383.0
AAPL,203.165,42755.0,1748978280000.0,203.07,203.165,203.045,776.0
AAPL,203.14,41861.0,1748978340000.0,203.165,203.1899,203.115,770.0
AAPL,203.13,123621.0,1748978400000.0,203.13,203.1694,203.0301,1093.0
AAPL,203.205,46406.0,1748978460000.0,203.1408,203.205,203.13,765.0
AAPL,203.22,52669.0,1748978520000.0,203.2001,203.25,203.18,831.0
AAPL,203.19,56842.0,1748978580000.0,203.22,203.31,203.18,817.0
AAPL,203.12,33481.0,1748978640000.0,203.21,203.21,203.12,676.0
AAPL,203.0912,46998.0,1748978700000.0,203.13,203.15,203.07,790.0
AAPL,203.1,55464.0,1748978760000.0,203.095,203.15,203.04,988.0
AAPL,203.055,36853.0,1748978820000.0,203.095,203.1124,203.04,654.0
AAPL,203.185,35279.0,1748978880000.0,203.06,203.185,203.06,706.0
AAPL,203.18,36306.0,1748978940000.0,203.18,203.22,203.16,852.0
AAPL,203.23,63810.0,1748979000000.0,203.18,203.24,203.145,1057.0
AAPL,203.34,86609.0,1748979060000.0,203.23,203.36,203.211,1207.0
AAPL,203.29,54972.0,1748979120000.0,203.345,203.365,203.26,976.0
AAPL,203.25,53738.0,1748979180000.0,203.285,203.315,203.23,890.0
AAPL,203.25,52935.0,1748979240000.0,203.23,203.27,203.195,855.0
AAPL,203.381,66614.0,1748979300000.0,203.25,203.39,203.245,1065.0
AAPL,203.31,60424.0,1748979360000.0,203.38,203.38,203.29,946.0
AAPL,203.245,63822.0,1748979420000.0,203.31,203.31,203.235,978.0
AAPL,203.2101,64384.0,1748979480000.0,203.25,203.26,203.19,1116.0
AAPL,203.165,64075.0,1748979540000.0,203.21,203.23,203.16,1115.0
AAPL,203.15,60248.0,1748979600000.0,203.17,203.2,203.125,1020.0
AAPL,203.11,64264.0,1748979660000.0,203.1602,203.1602,203.07,1065.0
AAPL,203.07,55921.0,1748979720000.0,203.1199,203.13,203.0631,962.0
AAPL,203.06,54865.0,1748979780000.0,203.06,203.15,203.06,1151.0
AAPL,203.0813,67195.0,1748979840000.0,203.065,203.09,202.99,1236.0
AAPL,203.145,78091.0,1748979900000.0,203.08,203.15,203.02,1149.0
AAPL,203.065,53546.0,1748979960000.0,203.15,203.155,203.04,1014.0
AAPL,203.13,119333.0,1748980020000.0,203.075,203.19,203.07,1476.0
AAPL,203.17,198441.0,1748980080000.0,203.15,203.29,203.13,2437.0
AAPL,203.1409,100950.0,1748980140000.0,203.16,203.22,203.03,1814.0
AAPL,203.205,178536.0,1748980200000.0,203.15,203.205,202.98,2853.0
AAPL,203.22,121702.0,1748980260000.0,203.2,203.23,203.1,1871.0
AAPL,203.13,133895.0,1748980320000.0,203.2,203.2,203.03,1992.0
AAPL,203.2599,119610.0,1748980380000.0,203.13,203.27,203.1,1854.0
AAPL,203.325,291813.0,1748980440000.0,203.26,203.4699,203.15,3957.0
AAPL,203.26,289897.0,1748980500000.0,203.31,203.32,203.05,4424.0
AAPL,203.32,189023.0,1748980560000.0,203.25,203.35,203.245,2958.0
AAPL,203.38,222383.0,1748980620000.0,203.32,203.42,203.305,3758.0
AAPL,203.375,279702.0,1748980680000.0,203.38,203.43,203.3322,4617.0
AAPL,203.34,724307.0,1748980740000.0,203.37,203.41,203.25,8934.0
AAPL,203.2,1487228.0,1748980800000.0,203.27,203.27,202.97,131.0
AAPL,203.07,5120.0,1748980860000.0,203.2,203.2,203.01,87.0
AAPL,203.0055,2583.0,1748980920000.0,203.08,203.08,203.0055,33.0
AAPL,203.0,118579.0,1748980980000.0,203.01,203.03,202.97,40.0
AAPL,203.0,1423.0,1748981040000.0,203.01,203.01,203.0,87.0
AAPL,202.9,5197.0,1748981100000.0,203.0,203.0,202.9,128.0
AAPL,202.85,2496.0,1748981160000.0,202.9,202.9,202.85,57.0
AAPL,202.8,13142.0,1748981220000.0,202.8,203.27,202.75,52.0
AAPL,202.74,569140.0,1748981280000.0,202.75,202.8,202.74,88.0
AAPL,202.7,6471.0,1748981340000.0,202.73,202.76,202.65,102.0
AAPL,202.7,8094.0,1748981400000.0,202.75,202.76,202.67,81.0
AAPL,202.7,12893.0,1748981460000.0,202.75,203.27,202.6987,110.0
AAPL,202.73,950.0,1748981520000.0,202.7,202.73,202.7,33.0
AAPL,202.79,4180.0,1748981580000.0,202.7,202.79,202.7,63.0
AAPL,202.82,6092.0,1748981640000.0,202.7993,202.82,202.75,77.0
AAPL,202.84,2425.0,1748981700000.0,202.82,202.85,202.82,74.0
AAPL,202.8877,3504.0,1748981760000.0,202.85,202.8877,202.85,49.0
AAPL,202.8,2190.0,1748981820000.0,202.85,202.85,202.7601,39.0
AAPL,202.7,2067.0,1748981880000.0,202.83,202.83,202.7,53.0
AAPL,202.75,1599.0,1748981940000.0,202.75,202.75,202.75,13.0
AAPL,202.7,3097.0,1748982000000.0,202.78,202.8,202.7,61.0
AAPL,202.7,359.0,1748982060000.0,202.7,202.7,202.7,9.0
AAPL,202.73,1362.0,1748982120000.0,202.7,202.75,202.7,26.0
AAPL,202.66,435.0,1748982180000.0,202.66,202.66,202.66,24.0
AAPL,202.7,561.0,1748982240000.0,202.7,202.7,202.7,22.0
AAPL,202.66,964.0,1748982300000.0,202.7,202.8,202.66,23.0
AAPL,202.71,763.0,1748982360000.0,202.71,202.71,202.71,30.0
AAPL,202.72,242.0,1748982420000.0,202.72,202.72,202.72,14.0
AAPL,202.69,250.0,1748982480000.0,202.69,202.69,202.69,14.0
AAPL,202.67,719.0,1748982540000.0,202.7,202.7,202.67,23.0
AAPL,202.78,551.0,1748982660000.0,202.78,202.78,202.78,22.0
AAPL,202.68,1080.0,1748982720000.0,202.7,202.7,202.68,28.0
AAPL,202.7,1727.0,1748982780000.0,202.73,202.7301,202.7,24.0
AAPL,203.27,628.0,1748982840000.0,203.27,203.27,203.27,8.0
AAPL,202.83,5146.0,1748982960000.0,203.27,203.27,202.79,45.0
AAPL,202.95,536.0,1748983140000.0,202.95,202.95,202.95,18.0
AAPL,202.91,626.0,1748983200000.0,202.95,202.95,202.91,22.0
AAPL,202.95,1046.0,1748983260000.0,202.9739,202.9739,202.95,59.0
AAPL,202.95,564.0,1748983320000.0,202.95,202.95,202.95,21.0
AAPL,202.77,2763.0,1748983380000.0,203.0,203.0,202.77,62.0
AAPL,203.0,915.0,1748983620000.0,203.0,203.0,203.0,43.0
AAPL,203.0001,2372.0,1748983680000.0,203.0,203.0001,203.0,21.0
AAPL,202.82,932.0,1748983740000.0,202.92,202.92,202.82,39.0
AAPL,202.8027,2074.0,1748983800000.0,202.82,202.82,202.8027,21.0
AAPL,202.85,2180.0,1748983860000.0,202.85,202.8501,202.85,16.0
AAPL,202.8307,473.0,1748983920000.0,202.8307,202.8307,202.8307,15.0
AAPL,202.89,203.0,1748983980000.0,202.89,202.89,202.89,5.0
AAPL,202.89,404.0,1748984040000.0,202.89,202.89,202.89,18.0
AAPL,202.8505,475.0,1748984280000.0,202.9,202.9,202.8505,11.0
AAPL,202.93,782.0,1748984400000.0,202.93,202.93,202.93,24.0
AAPL,202.77,1573.0,1748984460000.0,202.87,202.87,202.77,61.0
AAPL,202.76,1159.0,1748984520000.0,202.76,202.76,202.7599,21.0
AAPL,202.83,199.0,1748984640000.0,202.83,202.83,202.83,10.0
AAPL,202.72,4658.0,1748984700000.0,202.76,202.83,202.72,49.0
AAPL,202.72,263.0,1748984820000.0,202.72,202.72,202.72,7.0
AAPL,202.8299,879.0,1748984940000.0,202.79,202.83,202.79,18.0
AAPL,202.75,871.0,1748985120000.0,202.71,202.76,202.71,16.0
AAPL,202.77,1072.0,1748985180000.0,202.751,202.77,202.751,12.0
AAPL,202.83,1013.0,1748985300000.0,202.83,202.83,202.83,34.0
AAPL,202.8,249.0,1748985420000.0,202.8,202.8,202.8,8.0
AAPL,202.8,427.0,1748985600000.0,202.8,202.8,202.8,17.0
AAPL,202.75,1227.0,1748985660000.0,202.75,202.75,202.75,37.0
AAPL,202.8299,254.0,1748985780000.0,202.8299,202.8299,202.8299,7.0
AAPL,202.75,158.0,1748985960000.0,202.75,202.75,202.75,7.0
AAPL,202.7546,508.0,1748986020000.0,202.8299,202.8299,202.7546,6.0
AAPL,202.75,299.0,1748986200000.0,202.75,202.75,202.75,11.0
AAPL,202.8282,153.0,1748986260000.0,202.8282,202.8282,202.8282,3.0
AAPL,202.75,2339.0,1748986440000.0,202.78,202.78,202.75,45.0
AAPL,202.81,106.0,1748986500000.0,202.81,202.81,202.81,6.0
AAPL,202.83,150.0,1748986740000.0,202.83,202.83,202.83,9.0
AAPL,202.6999,7024.0,1748986860000.0,202.75,202.75,202.6999,89.0
AAPL,202.8,773.0,1748986980000.0,202.71,202.8,202.71,18.0
AAPL,202.83,136.0,1748987100000.0,202.83,202.83,202.83,9.0
AAPL,202.79,364.0,1748987520000.0,202.7994,202.7994,202.79,12.0
AAPL,202.7798,229.0,1748987700000.0,202.7798,202.7798,202.7798,7.0
AAPL,202.78,542.0,1748987820000.0,202.78,202.78,202.78,10.0
AAPL,202.77,233.0,1748987880000.0,202.77,202.77,202.77,11.0
AAPL,202.75,224.0,1748987940000.0,202.75,202.75,202.75,12.0
AAPL,202.82,1379.0,1748988000000.0,202.77,202.82,202.77,29.0
AAPL,202.83,823.0,1748988060000.0,202.82,202.83,202.82,26.0
AAPL,202.85,1072.0,1748988120000.0,202.8489,202.85,202.8489,19.0
AAPL,202.82,297.0,1748988180000.0,202.82,202.82,202.82,7.0
AAPL,202.86,387.0,1748988240000.0,202.86,202.86,202.86,16.0
AAPL,202.88,521.0,1748988300000.0,202.81,202.9,202.81,9.0
AAPL,202.8,457.0,1748988360000.0,202.79,202.8,202.79,15.0
AAPL,202.8,695.0,1748988540000.0,202.8,202.8,202.8,22.0
AAPL,202.98,961.0,1748988600000.0,202.98,202.98,202.98,25.0
AAPL,202.99,742.0,1748988660000.0,202.98,203.0,202.98,10.0
AAPL,202.95,144.0,1748988780000.0,202.95,202.95,202.95,10.0
AAPL,202.88,232.0,1748988840000.0,202.88,202.88,202.88,9.0
AAPL,202.93,198.0,1748988960000.0,202.93,202.93,202.93,7.0
AAPL,202.74,1705.0,1748989080000.0,202.74,202.74,202.74,2.0
AAPL,202.9,1894.0,1748989380000.0,202.84,202.9,202.84,24.0
AAPL,202.92,208.0,1748989440000.0,202.92,202.92,202.92,4.0
AAPL,202.8,5021.0,1748989620000.0,202.81,202.81,202.8,32.0
AAPL,202.92,1009.0,1748989680000.0,202.7652,202.92,202.7652,42.0
AAPL,202.94,393.0,1748989740000.0,202.91,202.94,202.91,9.0
AAPL,202.92,703.0,1748989860000.0,202.92,202.92,202.88,11.0
AAPL,202.91,902.0,1748989920000.0,202.91,202.91,202.91,6.0
AAPL,202.91,540.0,1748989980000.0,202.9,202.91,202.9,6.0
AAPL,202.89,801.0,1748990160000.0,202.89,202.89,202.89,12.0
AAPL,202.9,429.0,1748990220000.0,202.94,202.94,202.9,16.0
AAPL,203.0,2163.0,1748990280000.0,202.95,203.0,202.89,50.0
AAPL,203.0,638.0,1748990400000.0,203.0,203.0,203.0,20.0
AAPL,202.8601,334.0,1748990460000.0,202.8601,202.8601,202.8601,9.0
AAPL,202.95,196.0,1748991000000.0,202.95,202.95,202.95,7.0
AAPL,202.87,360.0,1748991060000.0,202.87,202.87,202.87,11.0
AAPL,202.98,301.0,1748991480000.0,202.93,202.98,202.93,9.0
AAPL,202.9,643.0,1748991600000.0,202.93,202.93,202.9,27.0
AAPL,202.8,397.0,1748991660000.0,202.82,202.82,202.8,17.0
AAPL,202.86,203.0,1748991720000.0,202.86,202.86,202.86,8.0
AAPL,202.79,108.0,1748991900000.0,202.79,202.79,202.79,4.0
AAPL,202.9,318.0,1748991960000.0,202.9,202.9,202.9,5.0
AAPL,202.99,160.0,1748992080000.0,202.99,202.99,202.99,6.0
AAPL,202.94,244.0,1748992200000.0,202.94,202.94,202.94,13.0
AAPL,202.9,248.0,1748992260000.0,202.8,202.9,202.8,6.0
AAPL,202.94,116.0,1748992500000.0,202.94,202.94,202.94,9.0
AAPL,202.9,317.0,1748992620000.0,202.9,202.9,202.9,14.0
AAPL,202.9,127.0,1748992740000.0,202.9,202.9,202.9,3.0
AAPL,202.9,301.0,1748993280000.0,202.9,202.9,202.9,14.0
AAPL,202.97,501.0,1748993520000.0,202.97,202.97,202.97,17.0
AAPL,202.89,236.0,1748993640000.0,202.89,202.89,202.89,16.0
AAPL,202.93,124.0,1748994000000.0,202.93,202.93,202.93,6.0
AAPL,202.93,316.0,1748994060000.0,202.93,202.93,202.93,14.0
AAPL,202.86,406.0,1748994180000.0,202.93,202.93,202.86,4.0
AAPL,202.8358,636.0,1748994360000.0,202.87,202.87,202.8358,12.0
AAPL,202.9,437.0,1748994480000.0,202.9,202.9,202.9,62.0
AAPL,202.96,1434.0,1748994540000.0,203.0,203.0,202.96,29.0
AAPL,202.84,885.0,1748994600000.0,202.86,202.86,202.84,29.0
AAPL,202.87,223.0,1748994780000.0,202.87,202.87,202.87,10.0
AAPL,202.84,445.0,1748994840000.0,202.84,202.84,202.84,9.0
AAPL,202.8635,755.0,1748994900000.0,202.98,202.99,202.8635,19.0
AAPL,202.98,531.0,1748994960000.0,202.98,202.98,202.98,10.0
AAPL,202.97,222.0,1748995020000.0,202.97,202.97,202.97,6.0
AAPL,202.96,865.0,1748995080000.0,202.93,202.96,202.93,11.0
